nombre_institucion,tipo_de_institucion,cuit,municipio_comuna_dom_real,departamento,telefono_principal_cod_area_sin_cero_y_telefono_sin_el_15,telefono_secundario_cod_area_sin_cero_y_telefono_sin_el_15,e_mail,calle_dom_real,nro_dom_real,denominacion_sede_anexo,direccion_anexo,pagina_web,red_social_intagram,red_social_facebook,disciplinas,deporte_adaptado,infraestructura_adaptada_para_accesibilidad,latitud,longitud,tipo_de_espacios_deportivos
ASOCIACIÓN DEPORTIVA Y CULTURAL SARMIENTO SAN MARTÍN (A.D.Y.C.SA),CLUB DEPORTIVO,3.0671066002E10,VILLA PARANACITO,ISLAS DE IBICUY,1.11553416656E11,3.446639436E9,club.adycsabrazolargo@gmail.com,ARROYO BRAZO LARGO,S/N,,,,,Club Dep y Cultural Sarmiento San Martin,Fútbol,SIN DATOS,SIN DATOS,-33.77401,-58.60718,"Cancha de Fútbol, SUM"
CLUB SOCIAL Y DEPORTIVO FLUVIAL,CLUB DEPORTIVO,3.06710963E10,IBICUY,ISLAS DE IBICUY,3.446589117E9,3.446649181E9,fluvial1951@outlook.es,BV. 17 DE OCTUBRE,1060.0,,,,@_clubfluvial,https://www.facebook.com/ClubSocialYDeportivoFluvial/?locale=es_LA,"Voley, Tenis, Fútbol, Bochas",NO,"ACCESO ADECUADO, ANCHO DE PASILLOS",-33.7451469375084,-59.1600207181023,"Cancha Techada, Cancha de Fútbol, cancha de bochas, Pileta Descubierta"
CLUB SOCIAL Y DEPORTIVO TRACCION,CLUB DEPORTIVO,3.0671061671E10,IBICUY,ISLAS DE IBICUY,,,,ALMAFUERTE,134.0,,,,,https://www.facebook.com/profile.php?id=61560060047840#,"Fútbol, Bochas, Voley",SI,"ESTACIONAMIENTOS ACCESIBLES, ACCESO ADECUADO, PUERTAS ACCESIBLES, ANCHO DE PASILLOS, ESCALERAS ACCESIBLES",-33.74342,-59.1579,"cancha de bochas, Cancha Techada, Cancha de Fútbol"
CLUB ATLÉTICO JUVENTUD UNIDA,CLUB DEPORTIVO,3.0717209849E10,IBICUY,ISLAS DE IBICUY,,,,CALLE LIBERTAD E HIPOLITO RIVERO,,,,,,,Fútbol,SIN DATOS,SIN DATOS,-33.74102,-59.16137,
POLIDEPORTIVO MUNICIPAL DE IBICUY,POLIDEPORTIVO MUNICIPAL,SIN CUIT 018,IBICUY,ISLAS DE IBICUY,3.44658749E9,,ibicuydeporte@gmail.com,,,,,https://ibicuy.gob.ar/,https://www.instagram.com/municipiodeibicuy/?hl=es-la,https://www.facebook.com/municipalidad.ibicuyof/,"Fútbol, Voley, Básquet, Atletismo, Bochas",SI,"ESTACIONAMIENTOS ACCESIBLES, ACCESO ADECUADO, ANCHO DE PASILLOS",-33.73993,-59.16105,"Cancha de Fútbol, Cancha Techada, cancha de basquet, cancha de bochas, pista de atletismo, Cajon de arena"
CLUB SOCIAL Y DEPORTIVO ISLEÑOS INDEPENDIENTES,CLUB DEPORTIVO,3.0671055469E10,VILLA PARANACITO,ISLAS DE IBICUY,3.446631618E9,3.446664114E9,csydii1943@gmail.com,AVENIDA ENTRE RÍOS Y FRANCISCO RAMIREZ,744.0,,,,@csydii1943,https://www.facebook.com/CSYDIIOFICIAL/?locale=es_LA,"Fútbol, Hockey césped, Artes Marciales/deportes de contacto, Náuticos",SIN DATOS,SIN DATOS,-33.71522,-58.6635,"Cancha de Fútbol, Cancha Techada, Otros, cancha de padel"
CLUB ATLETICO QUILMES,CLUB DEPORTIVO,3.0708970111E10,GUALEGUAY,GUALEGUAY,3.444453727E9,3.444517675E9,monchoare@gmail.com,BULEVAR SAN JUAN Y SAN JOSÉ DE FELICIANO,S/N,,,,@clubatleticoquilmesgualeguay,https://www.facebook.com/ClubQuilmesGualeguay/?locale=es_LA,Fútbol,NO,NINGUNA,-33.15801,-59.32101,Cancha de Fútbol
CLUB NAUTICO Y PESCA GUALEGUAY,CLUB DEPORTIVO,3.0670963671E10,GUALEGUAY,GUALEGUAY,3.444576207E9,3.444620095E9,clubnauticogualeguay@gmail.com,PARQUE INTENDENTE PEZUTTI,0.0,,,,@clubnauticogualeguay,https://www.facebook.com/p/Club-Nautico-Gualeguay-100057594252218/,"Náuticos, Tenis, Natación",SIN DATOS,SIN DATOS,-33.15665,-59.29346,"Otros, Pileta Descubierta, cancha de tenis, SUM"
CANCHA MUNICIPAL DE HOCKEY DE GUALEGUAY,POLIDEPORTIVO MUNICIPAL,SIN CUIT 013,GUALEGUAY,GUALEGUAY,,,,,,,,https://municipalidad.gualeguay.gob.ar/,,https://www.facebook.com/municipalidaddegualeguay/posts/estadio-municipal-de-hockey-avanza-la-construcci%C3%B3n-de-ba%C3%B1os-y-vestuariosinaugura/2379102359084294/?locale=es_LA,Hockey césped,SIN DATOS,SIN DATOS,-33.15573,-59.30088,"Cancha de Hockey, Cancha hockey cesped"
CLUB DE PESCA MARTIN PESCADOR,CLUB DEPORTIVO,3.0707084134E10,GUALEGUAY,GUALEGUAY,3.444439793E9,3.444625765E9,,PARQUE INT PEZZUTTI,0.0,,,,@clubmartinpescador,https://www.facebook.com/clubmartinpescador/,"Bochas, Tenis, Pesca",SIN DATOS,SIN DATOS,-33.15422,-59.29741,"SUM, Otros, cancha de tenis, cancha de bochas"
CLUB ATLETICO URQUIZA,CLUB DEPORTIVO,3.0670953714E10,GUALEGUAY,GUALEGUAY,3.444425383E9,3.444503197E9,clubatleticourquiza@gmail.com,GRAL. PANCHO RAMIREZ,273.0,,,,@clubatleticourquizaoficial,https://www.facebook.com/clubatleticourquiza.cau/?locale=es_LA,"Fútbol, Hockey césped",SI,"PUERTAS ACCESIBLES, ANCHO DE PASILLOS, SANITARIOS ACCESIBLES",-33.1524096142426,-59.3173641269823,"Cancha de Fútbol, Cancha de Hockey, Cancha hockey cesped"
LA OLLA SOFTBOL CLUB,CLUB DEPORTIVO,3.0714366242E10,GUALEGUAY,GUALEGUAY,3.44442402E9,3.44458081E9,deportesgualeguay@gmail.com,COLÓN,271.0,,,,@laollasoftbol,https://www.facebook.com/LaOllaSoftbol,Softbol,NO,NINGUNA,-33.1514396994314,-59.294628119991,Otros
CLUB ATLETICO GUALEGUAY CENTRAL,CLUB DEPORTIVO,3.0543111291E10,GUALEGUAY,GUALEGUAY,3.444467421E9,3.444634209E9,gualeguaycentral@hotmail.com,BELGRANO,834.0,,,,@gualeguaycentral,https://www.facebook.com/ClubGualeguayCentral/?locale=es_LA,"Fútbol, Rugby, Patinaje artístico, Tenis, Natación, Gimnasia Artística",SI,NINGUNA,-33.14976,-59.32647,"Cancha de Fútbol, Pileta Techada, Cancha Techada, Cancha de Rugby, Otros, cancha de tenis, cancha de padel, Cajon de arena"
CLUB CENTRO BANCARIO GUALEGUAY ASOCIACION CIVIL,CLUB DEPORTIVO,3.0670944391E10,GUALEGUAY,GUALEGUAY,3.444424263E9,3.444627275E9,germanlobbe@gmail.com,BELGRANO,438.0,,,,@centrobancariogualeguay,https://www.facebook.com/ClubBancarioGualeguay/?locale=es_LA,"Bochas, Fútbol, Hockey césped, Básquet, Artes Marciales/deportes de contacto",SI,"ACCESO ADECUADO, PUERTAS ACCESIBLES, ANCHO DE PASILLOS, RAMPAS, CAMINOS Y VEREDAS",-33.14962,-59.32038,"SUM, Cancha Techada, cancha de basquet, Cancha de Fútbol"
CLUB ATLÉTICO JUVENTUD Y FERROCARRIL UNIDOS,CLUB DEPORTIVO,3.0710235488E10,ENRIQUE CARBÓ,GUALEGUAYCHÚ,1.166881515E9,3.444440117E9,artu_romero@hotmail.com,SAN MARTIN,69.0,,,,@cjfucarbo,Club Unidos Carbo,Fútbol,SIN DATOS,SIN DATOS,-33.1492,-59.21485,Cancha de Fútbol
CLUB RECREATIVO Y DEPORTIVO FERROVIARIO,CLUB DEPORTIVO,3.0709692972E10,GUALEGUAY,GUALEGUAY,3.444463001E9,3.444441344E9,rugualeguay@arnetbiz.com.ar,BELGRANO,238.0,,,,,,OTROS,SIN DATOS,SIN DATOS,-33.14894,-59.31687,SUM
SOCIEDAD SPORTIVA,CLUB DEPORTIVO,3.0670939622E10,GUALEGUAY,GUALEGUAY,3.444423182E9,3.444573498E9,sociedadsportiva1916@hotmail.com,BELGRANO Y VILLAGUAY,641.0,,,,@sociedadsportivaoficial,https://www.facebook.com/sociedadsportivaoficial/?locale=es_LA,"Tenis, Hockey sobre patines, Bochas, Natación, Fútbol, Patinaje artístico, Voley",SIN DATOS,SIN DATOS,-33.1483,-59.32429,"Cancha de Fútbol, Cancha Techada, cancha de tenis, Pileta Descubierta, cancha de bochas"
CLUB ATLETICO SAN LORENZO,CLUB DEPORTIVO,3.0710759479E10,GUALEGUAY,GUALEGUAY,3.444424838E9,3.444624305E9,casl_gualeguay@hotmail.com,CARMEN GADEA,15.0,,,,@clubatleticosanlorenzo.guay,https://www.facebook.com/p/Club-Atl%C3%A9tico-San-Lorenzo-Gualeguay-100063778253158/,"Hockey césped, Fútbol, Ciclismo, Artes Marciales/deportes de contacto",SIN DATOS,SIN DATOS,-33.1465,-59.30875,"Cancha de Fútbol, Cancha Techada, Cancha de Hockey, Otros, SUM, Cancha hockey cesped"
TIRO FEDERAL ARGENTINO BRIGADIER GENERAL JUSTO JOSE DE URQUIZA,CLUB DEPORTIVO,3.0714704911E10,GUALEGUAY,GUALEGUAY,3.444444192E9,3.444583221E9,seba_benedetti@hotmail.com,CONTINUACION PELLEGRINI,S/N,,,tirofederalgualeguay.com.ar/,,Tiro Federal Gualeguay,"Tiro con Arco, tiro deportivo",SIN DATOS,SIN DATOS,-33.14618,-59.3008,Otros
CEF Nº2 DR. LUIS R. MAC KAY GUALEGUAY,POLIDEPORTIVO PROVINCIAL,SIN CUIT 077,GUALEGUAY,GUALEGUAY,,,,,,,,,,,"Atletismo, Gimnasia Artística, Natación, Softbol",SI,SIN DATOS,-33.1460646825242,-59.3057049109168,"Pileta Techada, pista de atletismo, cancha de tenis, Otros, Cajon de arena"
CLUB ATLETICO LIBERTAD,CLUB DEPORTIVO,3.0670955555E10,GUALEGUAY,GUALEGUAY,3.444453626E9,3.444413613E9,santosavino@hotmail.com.ar,INT. QUIRÓS,71.0,,,,@club-atletico-libertad-gualeguay,https://www.facebook.com/C.A.LibertadOficial/?locale=es_LA,"Voley, Fútbol",NO,"PUERTAS ACCESIBLES, CAMINOS Y VEREDAS",-33.14567,-59.30785,Cancha Techada
CLUB ATLÉTICO SOCIAL Y DEPORTIVO TRABAJADORES DE LA CARNE ASOCIACION CIVIL,CLUB DEPORTIVO,3.3715951709E10,GUALEGUAY,GUALEGUAY,3.444428756E9,3.444625922E9,sindicatocarneguay@hotmail.com,ALARCON MUÑIZ,218.0,,,,,https://www.facebook.com/sindicatodelacarneguay/,Fútbol,SIN DATOS,SIN DATOS,-33.14403,-59.31641,Cancha de Fútbol
CLUB DE PELOTA GUALEGUAY,CLUB DEPORTIVO,3.0710893361E10,GUALEGUAY,GUALEGUAY,3.444424212E9,3.444628691E9,hfabianmoreno@hotmail.com,ALARCÓN MUÑÍZ,249.0,,,,@clubpelotagualeguay,https://www.facebook.com/clubpelotagualeguay/?locale=es_LA,Pelota paleta,SIN DATOS,SIN DATOS,-33.14359,-59.31617,"cancha de pelota, SUM"
CLUB ATLETICO B.H.,CLUB DEPORTIVO,3.0670970562E10,GUALEGUAY,GUALEGUAY,3.44445322E9,3.444622742E9,eduardoluisuriarte@gmail.com,CENTENARIO,41.0,,,www.clubbhgualeguay.jimdofree.com/,@cabhgualeguay,https://www.facebook.com/bhbasquet/?locale=eu_ES,Básquet,SIN DATOS,SIN DATOS,-33.14186,-59.31478,"Gimnasio, cancha de basquet, SUM"
CLUB ATLÉTICO EL PROGRESO,CLUB DEPORTIVO,3.3712464939E10,GUALEGUAY,GUALEGUAY,3.444574758E9,3.444424802E9,clubelprogreso@gmail.com,ALFREDO PALACIOS,560.0,,,,@clubatleticoelprogreso,https://www.facebook.com/CAEP.Gualeguay/?locale=es_LA,"Ciclismo, Fútbol, Artes Marciales/deportes de contacto, Fitness",SIN DATOS,SIN DATOS,-33.13907,-59.31661,"Otros, SUM"
JOCKEY CLUB GUALEGUAY,CLUB DEPORTIVO,3.0527008669E10,GUALEGUAY,GUALEGUAY,3.444426577E9,3.4444241E9,jockeyclubgualeguay@hotmail.com,SAN ANTONIO,198.0,,,,,https://www.facebook.com/JOCKEYCLUBGUAY/?locale=es_LA,Hipismo,SIN DATOS,SIN DATOS,-33.13341,-59.29877,Otros
CLUB ATLETICO BARRIO NORTE,CLUB DEPORTIVO,3.0707821422E10,GUALEGUAY,GUALEGUAY,3.444427951E9,3.444425726E9,clubabarrionorte@hotmail.com,AVENIDA SOBERANIA Y CONTINUACION SAN MARTIN,970.0,,,,@barrionortegualeguay,https://www.facebook.com/p/Club-Atletico-Barrio-Norte-Gualeguay-100063591160216/?locale=es_LA,"Ciclismo, Bochas, Fútbol, Tenis, Gimnasia Artística",SIN DATOS,SIN DATOS,-33.131501517453,-59.3137567502549,"Cancha de Fútbol, cancha de bochas, cancha de tenis, Otros, Cancha Techada"
AERO CLUB GUALEGUAY,CLUB DEPORTIVO,3.0513787789E10,GUALEGUAY,GUALEGUAY,3.444446991E9,3.444446991E9,aeroclubgualeguay@gmail.com,RUTA PROVINCIAL Nº 11 - KM 210 - PRIMER DISTRITO,KM 210,,,,@aeroclubgualeguay,aero club gualeguay,Aviación,SIN DATOS,SIN DATOS,-33.10222,-59.37388,"Otros, Pileta Descubierta"
CLUB SPORTIVO LARROQUE,CLUB DEPORTIVO,3.0707346996E10,LARROQUE,GUALEGUAYCHÚ,3.446352194E9,3.446460562E9,deportes@larroque.gob.ar,SAN MARTIN,221.0,,,,@sportivolarroque,Sportivo Larroque,Fútbol,SIN DATOS,SIN DATOS,-33.03629,-59.01416,Cancha de Fútbol
ASOCIACIÓN FUTSAL GUALEGUAYCHÚ - FÚTBOL DE SALÓN,CLUB DEPORTIVO,3.0709258997E10,GUALEGUAYCHÚ,GUALEGUAYCHÚ,3.446616256E9,3.44664699E9,gera-sanchez@hotmail.com,AGUIRRE,1892.0,,,www.futsalgualeguaychu.com/,@gualeguaychufutsal,Asociacion Futsal Gualeguaychu,Futsal,SIN DATOS,SIN DATOS,-33.03585,-58.53904,Cancha Techada
CLUB CENTRAL LARROQUE,CLUB DEPORTIVO,3.0671060373E10,LARROQUE,GUALEGUAYCHÚ,3.446580255E9,3.446648097E9,mlonardi@tierragreda.com.ar,43976.0,215.0,,,,@centrallarroque,Central Larroque,"Bochas, Fútbol",SIN DATOS,SIN DATOS,-33.03175,-58.99744,"Cancha de Fútbol, SUM, cancha de bochas"
CLUB ATLETICO DEFENSORES DEL SUR,CLUB DEPORTIVO,3.0671118975E10,GUALEGUAYCHÚ,GUALEGUAYCHÚ,3.446578345E9,3.446578345E9,club.atletico.defensores.del.sur@gmail.com,,,,,,@defensoresdelsur,Club Defensores del Sur,"Fútbol, OTROS",SIN DATOS,SIN DATOS,-33.03022,-58.53935,"Otros, SUM"
CLUB SOCIAL Y DEPORTIVO ATLETICO SUR GUALEGUAYCHU,CLUB DEPORTIVO,3.0715431722E10,GUALEGUAYCHÚ,GUALEGUAYCHÚ,,,,BLVAR MARTINEZ,,,,,https://www.instagram.com/club_atleticosuroficial/,https://www.facebook.com/p/Club-Atl%C3%A9tico-Sur-100083688681948/?_rdr,Fútbol,SIN DATOS,SIN DATOS,-33.027166520454,-58.5486160446666,Cancha de Fútbol
UNIVERSIDAD NACIONAL DE ENTRE RIOS (UNER),PREDIO UNIVERSITARIO,3.0562252157E10,GUALEGUAYCHÚ,GUALEGUAYCHÚ,,,,,,,,www.estudia.uner.edu.ar/deportes/,"uneroficial
https://www.instagram.com/bienestar.uner/",https://www.facebook.com/UNERoficial/?locale=es_LA,,,SIN DATOS,-33.0254492952614,-58.5127822374325,
CLUB PESCADORES GUALEGUAYCHU,CLUB DEPORTIVO,3.0582358563E10,GUALEGUAYCHÚ,GUALEGUAYCHÚ,3.446426564E9,3.446632843E9,cocopev@hotmail.com.ar,ALMIRANTE BROWN AL SUR,S/N,,,www.clubpescadoresgchu.com.ar/web/#,@clubpescadores.gchu,Club Pescadores Gualeguaychu,"Voley, Náuticos, Natación, Pesca",SIN DATOS,SIN DATOS,-33.02376,-58.50875,"Pileta Descubierta, Otros, SUM"
CLUB ATLÉTICO UNIÓN DEL SUBURBIO,CLUB DEPORTIVO,3.0708261609E10,GUALEGUAYCHÚ,GUALEGUAYCHÚ,3.446527072E9,3.446603513E9,meyi11@hotmail.com,AYACUCHO Y ETCHEVEHERE,S/N,,,,@uniondelsuburbio,Unión del Suburbio,Fútbol,SIN DATOS,SIN DATOS,-33.0229,-58.52115,"Cancha de Fútbol, Otros, SUM"
CLUB SOCIAL Y DEPORTIVO PUEBLO NUEVO,CLUB DEPORTIVO,3.0671053628E10,GUALEGUAYCHÚ,GUALEGUAYCHÚ,3.446546253E9,,club.social.deportivo.pueblo.nuevo@gmail.com,EVA PERON,890.0,,,,@csydpueblonuevo,Club Pueblo Nuevo,Fútbol,SI,"DÁRSENA DE LLEGADA, PUERTAS ACCESIBLES, NINGUNA",-33.0215072448541,-58.5110009186487,"Cancha de Fútbol, Cancha Techada"
SKATEPARK GUALEGUAYCHU,POLIDEPORTIVO MUNICIPAL,SIN CUIT 035,GUALEGUAYCHÚ,GUALEGUAYCHÚ,,,,,,,,www.gualeguaychu.tur.ar/detalle/254-skate-park,,https://www.facebook.com/EscuelitaDeSkatePuravidaGualeguaychu/?locale=es_LA,Deportes Urbanos,SIN DATOS,SIN DATOS,-33.02069,-58.50891,skatepark
JOCKEY CLUB GUALEGUAYCHU,CLUB DEPORTIVO,3.052692086E10,GUALEGUAYCHÚ,GUALEGUAYCHÚ,3.446440242E9,3.446440856E9,gerardoross02@gmail.com,CONSTITUCIÓN,849.0,Hipódromo Gualeguaychu,,,@jockeyclubgchuoficial,Jockey Club Gualeguaychú Oficial,Hipismo,SIN DATOS,SIN DATOS,-33.02068,-58.52702,"Otros, SUM"
CENTRO SOCIAL CULTURAL Y DEPORTIVO SIRIO LIBANES,CLUB DEPORTIVO,3.0671053172E10,GUALEGUAYCHÚ,GUALEGUAYCHÚ,3.44642677E9,3.446424013E9,josejelkozah@gmail.com,HIPOLITO IRIGOYEN,61.0,,,www.futsalgualeguaychu.com/equipo/centro-cultural-sirio-libanes/,,,Futsal,SIN DATOS,SIN DATOS,-33.0198879515851,-58.5202590797683,Otros
CLUB DEPORTIVO Y SOCIAL SARMIENTO,CLUB DEPORTIVO,3.0709154105E10,GUALEGUAYCHÚ,GUALEGUAYCHÚ,3.446440131E9,3.446533682E9,latromba@hotmail.com,TOMAS EDISON,520.0,,,,@clubsarmiento,Club Sarmiento,"Fútbol, Hockey césped, Voley, Artes Marciales/deportes de contacto, Hockey sobre patines",SIN DATOS,SIN DATOS,-33.01756,-58.53117,"Cancha de Fútbol, Cancha Techada, SUM"
CLUB ATLÉTICO CERRO PORTEÑO,CLUB DEPORTIVO,3.0711685703E10,PUEBLO GENERAL BELGRANO,GUALEGUAYCHÚ,3.44660496E9,3.44660496E9,clauben.-@hotmail.com,GUALEGUAYCHÚ,55.0,,,,@cerropb,Cerro Porteño Belgrano,"Fútbol, Hockey césped, Voley",SI,PUERTAS ACCESIBLES,-33.01642,-58.47282,"Cancha de Fútbol, Cancha Techada, SUM"
CLUB REGATAS GUALEGUAYCHÚ,CLUB DEPORTIVO,3.0711410194E10,GUALEGUAYCHÚ,GUALEGUAYCHÚ,3.446539992E9,3.446623953E9,bettendorffjulieta@gmail.com,CAMINO DE LA COSTA - PARQUE UNZUÉ CHICO,S/N,,,,@clubregatasgchu,Club Regatas Gchu,Náuticos,SIN DATOS,SIN DATOS,-33.01453,-58.49836,"SUM, Otros"
CLUB ATLÉTICO GERVASIO MÉNDEZ,CLUB DEPORTIVO,3.0709806749E10,GUALEGUAYCHÚ,GUALEGUAYCHÚ,3.446529531E9,3.446371099E9,clubatleticogervasiomendez@gmail.com,PASTEUR,319.0,,,,,Club Atletico Gervasio Mendez,"Patinaje artístico, Bochas, Artes Marciales/deportes de contacto",SIN DATOS,SIN DATOS,-33.01412,-58.53166,"Cancha Techada, Otros, SUM"
ASOCIACION CIVIL CLUB SOCIAL Y DEPORTIVO GURISES,CLUB DEPORTIVO,3.0715709631E10,PUEBLO GENERAL BELGRANO,GUALEGUAYCHÚ,3.446505667E9,3.446402121E9,info@deportivogurises.com,AV 20 DE JUNIO,S/N,,,,@deportivogurises,Deportivo Gurises,Fútbol,SIN DATOS,"ACCESO ADECUADO, ANCHO DE PASILLOS",-33.0139639819999,-58.4906833829563,Cancha de Fútbol
CLUB SOCIAL Y DEPORTIVO DOCK SUD,CLUB DEPORTIVO,3.0707065245E10,GUALEGUAYCHÚ,GUALEGUAYCHÚ,3.44630856E9,3.446638251E9,leandroabog@hotmail.com.ar,3 DE CABALLERÍA,357.0,,,,,Club Dock Sud,"Voley, Bochas, Patinaje artístico",SIN DATOS,SIN DATOS,-33.01365,-58.50758,"Otros, Cancha Techada, cancha de bochas"
CLUB SOCIAL Y DEPORTIVO AGUILA,CLUB DEPORTIVO,3.0671121283E10,GUALEGUAYCHÚ,GUALEGUAYCHÚ,3.446539184E9,3.446647825E9,melgaromina@hotmail.com,ALEM,341.0,,,,,Club Aguila,"padel, Pesca, Futsal, Fútbol",SIN DATOS,SIN DATOS,-33.0132783355985,-58.5056529182061,"Otros, SUM"
CLUB CENTRAL ENTRERRIANO,CLUB DEPORTIVO,3.0618804077E10,GUALEGUAYCHÚ,GUALEGUAYCHÚ,,,,ESPAÑA,283.0,,,www.cce.com.ar/,@cce.redes,Club Central Entrerriano,"Fútbol, Básquet , Hockey césped, Rugby, Handball, Hockey sobre patines",SIN DATOS,SIN DATOS,-33.0128323685794,-58.5172272162366,"Cancha Techada, Otros, Cancha de Fútbol, Cancha de Rugby, Cancha de Hockey, SUM, cancha de basquet"
AERO CLUB GUALEGUAYCHU,CLUB DEPORTIVO,3.0671063658E10,GUALEGUAYCHÚ,GUALEGUAYCHÚ,3.446493028E9,3.44664755E9,aerogualeguaychu@gmail.com,URQUIZA Y RUTA 14,S/N,,,,@aeroclubgualeguaychu,Aero Club Gualeguaychu,Aviación,SIN DATOS,SIN DATOS,-33.01257,-58.6098,"Otros, SUM, Pileta Descubierta"
CLUB NAUTICO GUALEGUAYCHU,CLUB DEPORTIVO,3.0530611007E10,GUALEGUAYCHÚ,GUALEGUAYCHÚ,,3.446229568E9,,"PARQUE UNZUE, GUALEGUAYCHU",2820.0,,,,@clubnauticogualeguaychu,Club Nautico Gchu,Náuticos,SIN DATOS,SIN DATOS,-33.01239,-58.50214,"Otros, Pileta Descubierta, SUM"
CARPINCHOS RUGBY CLUB,CLUB DEPORTIVO,3.067107795E10,GUALEGUAYCHÚ,GUALEGUAYCHÚ,3.446517861E9,3.446373407E9,crcpresidencia-carpinchosrugbyclub@hotmail.com.ar,PARQUE UNZUE CIUDAD DE GUALEGUAYCHU,S/N,,,,@ccarpinchos,Carpinchos Rugby Club,"Rugby, Hockey césped, Tiro con Arco",SIN DATOS,SIN DATOS,-33.01235,-58.49561,"Cancha de Rugby, Cancha de Hockey, Cancha hockey cesped"
SAW KAO MUAY THAI,PRIVADO,SIN CUIT 038,GUALEGUAYCHÚ,GUALEGUAYCHÚ,,,,,,,,www.institutodeballroom.com.ar/entrenador-saw-kao-muay-thai-gualeguaychu/,https://www.instagram.com/sawkaomuaythai?igshid=YmMyMTA2M2Y%3D,,Artes Marciales/deportes de contacto,SIN DATOS,SIN DATOS,-33.0121238575021,-58.5216833042454,"SUM, Gimnasio"
GUALEGUAYCHU COUNTRY CLUB,CLUB DEPORTIVO,3.0565696188E10,GUALEGUAYCHÚ,GUALEGUAYCHÚ,3.446442701E9,,gchucountryclub@net-g.com.ar,URQUIZA AL OESTE ANTES DE C.,5713.0,,,www.ar.digitalgolftour.com/gualeguaychu/reservas,@gchucountryclub,Golf Gualeguaychu,"Golf, Fútbol, Hockey césped, Básquet, Pelota paleta",SIN DATOS,SIN DATOS,-33.01169,-58.58092,"Campo de Golf, Otros, Pileta Descubierta, SUM"
AUTÓDROMO DE GUALEGUAYCHÚ,POLIDEPORTIVO MUNICIPAL,SIN CUIT 056,GUALEGUAYCHÚ,GUALEGUAYCHÚ,,,,,,,,www.gualeguaychu.gov.ar/tag/Aut%C3%B3dromo/,,,Automovilismo / karting,SIN DATOS,SIN DATOS,-33.01158,-58.60832,Otros
ASOCIACIÓN CIVIL CLUB GIMNASIA GUALEGUAYCHU,CLUB DEPORTIVO,3.0716427605E10,GUALEGUAYCHÚ,GUALEGUAYCHÚ,3.446603988E9,3.446613395E9,clubgimnasiagchu@gmail.com,MITRE,168.0,,,,@gimnasiagchu,Club Gimnasia,"Fútbol, Futsal, Voley",SIN DATOS,SIN DATOS,-33.0107477935591,-58.5100998398226,"Cancha Techada, SUM"
CLUB DEPORTIVO Y SOCIAL DEFENSORES DEL OESTE,CLUB DEPORTIVO,3.0609668691E10,GUALEGUAYCHÚ,GUALEGUAYCHÚ,3.446422848E9,3.44643673E9,ferabossi@hotmail.com,SAN MARTIN,1301.0,,,,,Club Defensores del Oeste,"Fútbol, Hockey césped",SIN DATOS,SIN DATOS,-33.01073,-58.52416,"Cancha de Fútbol, Cancha Techada"
PA KUA CENTRO SHEN KUA,PRIVADO,SIN CUIT 028,GUALEGUAYCHÚ,GUALEGUAYCHÚ,,,,,,,,www.pakuagualeguaychu.com.ar/,https://www.instagram.com/pakua_centro_shen_kua/?hl=es-la,https://www.facebook.com/PAKUAShenKua/?locale=es_LA,"Artes Marciales/deportes de contacto, Tiro con Arco",SIN DATOS,SIN DATOS,-33.0105143414804,-58.5233946172786,"Otros, SUM"
VELÓDROMO DE GUALEGUAYCHÚ,POLIDEPORTIVO MUNICIPAL,SIN CUIT 057,GUALEGUAYCHÚ,GUALEGUAYCHÚ,3.4464204E9,,,,,Velódromo municipal. Circuito cerrado de ciclismo,Parque Unzué,www.gualeguaychu.gov.ar/,@munigchu,,Ciclismo,SIN DATOS,SIN DATOS,-33.01007,-58.49697,Otros
CLUB HIPICO GUALEGUAYCHU,CLUB DEPORTIVO,3.0671070301E10,GUALEGUAYCHÚ,GUALEGUAYCHÚ,3.446614991E9,,,PARQUE UNZUE GRA,,,,,@clubhipicogualeguaychu,,Hipismo,SIN DATOS,SIN DATOS,-33.00942,-58.49414,"Otros, SUM"
CLUB NEPTUNIA,CLUB DEPORTIVO,3.053005588E10,GUALEGUAYCHÚ,GUALEGUAYCHÚ,3.446422366E9,1.167687271E9,informes@clubneptunia.com.ar,CHURRUARIN,15.0,"Natatorio
Sede Parque Unzué","Santa Fe 299
Parque Saturnino Unzué",www.clubneptunia.com.ar,@clubneptunia,clubneptunia,"Básquet, Natación, Tenis",SIN DATOS,SIN DATOS,-33.00905,-58.51604,"Pileta Techada, Otros, Pileta Descubierta, cancha de tenis, SUM, Cancha Techada"
CLUB DEPORTIVO JUVENTUD UNIDA,CLUB DEPORTIVO,3.0528120446E10,GUALEGUAYCHÚ,GUALEGUAYCHÚ,3.446431322E9,,,ALSINA,60.0,Predio Club Juventud Unida,C.5669 a 90m de C.63,,@cdju_oficial,Juventud Unida Gualeguaychu,"Futsal, Tenis, Hockey césped, Voley, Fútbol, Básquet, Handball",SI,"ACCESO ADECUADO, PUERTAS ACCESIBLES, DÁRSENA DE LLEGADA, ESCALERAS ACCESIBLES",-33.00778,-58.528,"Cancha de Fútbol, Otros, Cancha Techada, cancha de tenis"
RACING CLUB,CLUB DEPORTIVO,3.3653440249E10,GUALEGUAYCHÚ,GUALEGUAYCHÚ,3.44642412E9,3.446432241E9,simonghiglione@hotmail.com,COLOMBO,837.0,,,www.racingclubgualeguaychu.com/,racinggchu,Club Racing Gchu Oficial,"Básquet , Fútbol, Voley",NO,"PUERTAS ACCESIBLES, DÁRSENA DE LLEGADA, ANCHO DE PASILLOS, ESCALERAS ACCESIBLES",-33.00662,-58.51617,"Cancha Techada, cancha de basquet, SUM"
TIRO FEDERAL GUALEGUAYCHU,CLUB DEPORTIVO,3.0611300901E10,GUALEGUAYCHÚ,GUALEGUAYCHÚ,3.446422672E9,3.446422672E9,tiro_federalgchu@yahoo.com.ar,BOLEVAR DE LEON,100.0,,,www.tirofederalgchu.com/web/,@tirofederalgualeguaychu,Tiro Federal Gchu,"Tenis, Básquet , Náuticos, Bochas, Pelota paleta, Gimnasia Artística",SIN DATOS,SIN DATOS,-33.00623,-58.5012,"Otros, cancha de tenis, Gimnasio, cancha de padel, SUM"
CLUB SOCIAL Y DEPORTIVO BLACK RIVER,CLUB DEPORTIVO,3.0659135015E10,GUALEGUAYCHÚ,GUALEGUAYCHÚ,3.446427788E9,3.446432975E9,blackrivergchu@hotmail.com,COLOMBO,348.0,,,,@black.river,Black River Oficial,"Fútbol, Básquet, Tenis",SIN DATOS,SIN DATOS,-33.006017642898,-58.5075008623272,"Cancha de Fútbol, cancha de padel, SUM"
CLUB ATLÉTICO INDEPENDIENTE DE GUALEGUAYCHÚ,CLUB DEPORTIVO,3.0671042391E10,GUALEGUAYCHÚ,GUALEGUAYCHÚ,436429.0,427914.0,disciplinasrojas@gmail.com,SEGUÍ,240.0,,,,@caigualeguaychu,Club Atletico Independiente Gchu,"Fútbol, Hockey césped, Patinaje artístico, Voley",NO,"DÁRSENA DE LLEGADA, ACCESO ADECUADO, PUERTAS ACCESIBLES, ANCHO DE PASILLOS, SANITARIOS ACCESIBLES",-33.00516,-58.51582,"Cancha de Fútbol, Cancha Techada, Cancha de Hockey, Otros"
CLUB SOCIAL Y DEPORTIVO SUD AMÉRICA,CLUB DEPORTIVO,3.0659057359E10,GUALEGUAYCHÚ,GUALEGUAYCHÚ,3.446330919E9,3.446359882E9,clubsydsudamerica@gmail.com,BELGRANO Y SAN JUAN,S/N,,,,@club.suda,Club Social y Deportivo Sud America,"Básquet , Fútbol, Hockey sobre patines, Artes Marciales/deportes de contacto, Gimnasia Artística, Patinaje artístico",SIN DATOS,SIN DATOS,-33.0051,-58.51036,"Cancha de Fútbol, Cancha Techada, cancha de basquet, Cancha de Hockey, Gimnasio"
"ASOCIACIÓN CIVIL,SOCIAL,CULTURAL Y DEPORTIVA LA RIBERA",CLUB DEPORTIVO,3.0715397583E10,GUALEGUAYCHÚ,GUALEGUAYCHÚ,3.446431211E9,3.446501646E9,luciabargas81@hotmail.com,SAN JUAN AL ESTE,75.0,,,,,Club La Ribera,"Fútbol, Voley, Hockey césped",SIN DATOS,SIN DATOS,-33.0048213431916,-58.4996288239456,Cancha de Fútbol
ESTADIO MUNICIPAL DE GUALEGUAYCHU,POLIDEPORTIVO MUNICIPAL,SIN CUIT 061,GUALEGUAYCHÚ,GUALEGUAYCHÚ,3.4464204E9,,,,,Estadio de futbol municipal,Santa Fe y Rioja,https://gualeguaychu.gov.ar/,@munigchu,,"Fútbol, Natación, Rugby, Atletismo",SIN DATOS,SIN DATOS,-33.00427,-58.5227,"Cancha de Fútbol, Pileta Techada, pista de atletismo, Cancha de Rugby"
CLUB ATLETICO SPORTING,CLUB DEPORTIVO,3.0707467092E10,GUALEGUAYCHÚ,GUALEGUAYCHÚ,3.446435315E9,3.446580285E9,club_sportinggchu@outlook.com,CORRIENTES,377.0,,,,@clubatleticosporting,Club Atlético Sporting,"Fútbol, Hockey césped, Bochas",SIN DATOS,SIN DATOS,-33.0034049157505,-58.5236097636917,"Cancha de Fútbol, SUM, cancha de bochas"
CLUB ATLETICO LA VENCEDORA,CLUB DEPORTIVO,3.0671094014E10,GUALEGUAYCHÚ,GUALEGUAYCHÚ,3.446631546E9,3.4464226E9,herny93@hotmail.com,JUAN JOSE FRANCO Y SANTA FE,1193.0,,,,@lavencedora,Club Atletico La Vencedora,Boxeo,SIN DATOS,SIN DATOS,-33.00299,-58.52244,"Cancha Techada, Gimnasio"
SHOSHINSHA DOJO,PRIVADO,SIN CUIT 047,GUALEGUAYCHÚ,GUALEGUAYCHÚ,,,,,,,,,https://www.instagram.com/karategualeguaychu/,https://www.facebook.com/Dojoacademiadeartemarcial/,Artes Marciales/deportes de contacto,SIN DATOS,SIN DATOS,-33.0023835447171,-58.5411092177385,SUM
CLUB SOCIAL Y DEPORTIVO TIGRE,CLUB DEPORTIVO,3.0716442922E10,GUALEGUAYCHÚ,GUALEGUAYCHÚ,3.446627264E9,3.446311895E9,clubtigre02@gmail.com,VICTORIA,519.0,,,,@clubtigre,Club Tigre,"Fútbol, Voley, Futsal, Bochas",SI,SIN DATOS,-33.0007463203642,-58.5079034316373,"SUM, Cancha Techada"
POLIDEPORTIVO MUNICIPAL SUBURBIO DEL NORTE,POLIDEPORTIVO MUNICIPAL,SIN CUIT 063,GUALEGUAYCHÚ,GUALEGUAYCHÚ,3.4464204E9,,,,,,,https://gualeguaychu.gov.ar/,@munigchu,,"OTROS, Fútbol, Patinaje artístico, Hockey césped, Básquet , Hockey sobre patines, Handball",SIN DATOS,SIN DATOS,-32.9984116482168,-58.5091267576725,"Cancha Techada, Cancha de Hockey, Otros, cancha de basquet, Cancha hockey cesped"
CLUB SOCIAL Y DEPORTIVO JUVENIL DEL NORTE,CLUB DEPORTIVO,3.0708238542E10,GUALEGUAYCHÚ,GUALEGUAYCHÚ,,,,2 DE ABRIL Y PUERTO ARGENTINO,,,,,@juvenil_delnorte,Facebook Club Social y Juvenil del Norte,"Fútbol, Futsal, Voley, Hockey césped",SIN DATOS,SIN DATOS,-32.9968036273572,-58.5253150072061,"Cancha de Fútbol, Cancha Techada"
"CLUB SOCIAL, DEPORTIVO Y CULTURAL LA CUCHIMARRA",CLUB DEPORTIVO,SIN CUIT 064,GUALEGUAYCHÚ,GUALEGUAYCHÚ,,,,,,,,https://www.eldiaonline.com/la-cuchimarra-presento-su-nuevo-salon-multiusos-los-vecinos-la-cuchilla-n369805,,https://www.facebook.com/lacuchimarra.gualeguaychu?locale=es_LA,"Fútbol, Básquet, Voley",SIN DATOS,SIN DATOS,-32.9936917226441,-58.5099929300085,"SUM, Otros"
"PREDIO DE LA CAJA MUNICIPAL DE PENSIONES, JUBILACIONES Y RETIRO",CLUB DEPORTIVO,3.067105805E10,GUALEGUAYCHÚ,GUALEGUAYCHÚ,,,,,,,,https://cajamunicipalgchu.gob.ar/,,,"Natación, Voley",SIN DATOS,SIN DATOS,-32.988750521263,-58.5513686576725,"Pileta Descubierta, Otros, SUM, Cajon de arena"
CLUB ATLETICO SOCIAL Y DEPORTIVO ALDEA ASUNCIÓN,CLUB DEPORTIVO,SIN CUIT 071,ALDEA ASUNCIÓN,GUALEGUAY,,,,,,,,,https://www.instagram.com/clubaldeasuncion/,https://www.facebook.com/p/Club-Atl%C3%A9tico-Social-y-Deportivo-Aldea-Asunci%C3%B3n-100066697324684/,"Fútbol, Voley",SI,ACCESO ADECUADO,-32.8432696386648,-59.2286672342351,"Cancha de Fútbol, SUM"
COMPLEJO POLIDEPORTIVO MUNICIPAL (GRAL. GALARZA),POLIDEPORTIVO MUNICIPAL,SIN CUIT 012,GENERAL GALARZA,GUALEGUAY,,,,,,,,https://www.entrerios.tur.ar/alojamientos/complejo-polideportivo-municipal-(gneral.-galarza),,https://www.facebook.com/p/Complejo-Polideportivo-Municipal-General-Galarza-100076234890540/,"Básquet , Atletismo, Rugby, Gimnasia Artística, Natación, Fútbol, Tenis",SIN DATOS,SIN DATOS,-32.7280496998338,-59.3926261758205,"Otros, Cancha Techada, Pileta Descubierta, cancha de tenis, Cancha de Fútbol, Cancha de Rugby"
LA ACADEMIA ASOCIACION DEPORTIVA,CLUB DEPORTIVO,3.0708689129E10,GENERAL GALARZA,GUALEGUAY,3.43621504E9,3.444572627E9,emosquito@yahoo.com.ar,SAN JOSÉ,102.0,,,,@clubacademia_oficial,,"Fútbol, Fitness",SIN DATOS,SIN DATOS,-32.71691,-59.39024,"Cancha de Fútbol, Otros"
ASOCIACIÓN TRADICIONALISTA EL RODEO,CLUB DEPORTIVO,3.0671100618E10,URDINARRAIN,GUALEGUAYCHÚ,,,,,,,,,https://www.instagram.com/club_elrodeo/,,Fútbol,,SIN DATOS,-32.7001231904412,-58.8959130576723,"Cancha de Fútbol, SUM"
CLUB DE PLANEADORES DE URDINARRAIN,CLUB DEPORTIVO,3.0671101843E10,URDINARRAIN,GUALEGUAYCHÚ,,,,,,,,,https://www.instagram.com/aeroclub_urdinarrain/,https://www.facebook.com/groups/24509557798/,"Aviación, Pesca, Náuticos",,SIN DATOS,-32.6932530288123,-58.8965846288361,Otros
JOCKEY CLUB URDINARRAIN,CLUB DEPORTIVO,3.0616303615E10,URDINARRAIN,GUALEGUAYCHÚ,,,,,,,,,,,Hipismo,,SIN DATOS,-32.6890633795432,-58.8858132338622,
CLUB ATLETICO JUVENTUD URDINARRAIN,CLUB DEPORTIVO,3.3671081639E10,URDINARRAIN,GUALEGUAYCHÚ,3.446478231E9,3.44662344E9,josesaintpaul@yahoo.com.ar,BVARD. RIVADAVIA Y PERTEGARINI,S/N,,,www.club-atletico-juventud-urdinarrain.jimdosite.com/,@clubjuventudurdi,Club Juventud Urdinarrain,"Fútbol, Natación, Tenis, Bochas",SIN DATOS,SIN DATOS,-32.6884687159898,-58.8805281912987,"Cancha de Fútbol, Pileta Descubierta, Otros, cancha de bochas, Cajon de arena"
CLUB DEPORTIVO URDINARRAIN,CLUB DEPORTIVO,3.0629244308E10,URDINARRAIN,GUALEGUAYCHÚ,3.446480401E9,3.44663415E9,clubdeportivourdinarrain@gmail.com,JUSTICIA,343.0,,,,@deportivoURDINARRAIN,Deportivo URDINARRAIN,"Fútbol, Natación, Voley, Tenis",SIN DATOS,SIN DATOS,-32.6869144301139,-58.8960784200182,"Cancha de Fútbol, Pileta Descubierta, cancha de tenis"
OLIMPIA CLUB,CLUB DEPORTIVO,3.0671077888E10,URDINARRAIN,GUALEGUAYCHÚ,3.446595218E9,3.446632379E9,ivanaspiazzi@hotmail.com,JUAN CARLOS PATRIARCA,457.0,,,,@elolimpia,,"Básquet , Voley, Patinaje artístico, Bochas",SIN DATOS,SIN DATOS,-32.6863204783837,-58.8876909386296,"Cancha Techada, cancha de basquet, cancha de bochas"
CLUB SOCIAL Y DEPORTIVO LUIS LUCIANO,CLUB DEPORTIVO,3.0710148437E10,URDINARRAIN,GUALEGUAYCHÚ,3.44647852E9,3.445481475E9,clubluciano@gmail.com,PODESTA,225.0,,,www.clubluciano.com/,@clubluisluciano,,Básquet,SIN DATOS,SIN DATOS,-32.6839429647615,-58.8924604140394,"Cancha Techada, cancha de basquet, SUM"
CLUB BANCARIO URDINARRAIN,CLUB DEPORTIVO,3.0714219908E10,URDINARRAIN,GUALEGUAYCHÚ,3.44663376E9,3.44648099E9,agrocentro@urdi.com.ar,RUTA 20 Y ACC A URDINARRAIN,1.0,,,,,,Fútbol,SI,"ACCESO ADECUADO, PUERTAS ACCESIBLES, ANCHO DE PASILLOS, SANITARIOS ACCESIBLES, CAMINOS Y VEREDAS",-32.6747377114096,-58.8802880540975,Cancha de Fútbol
POLIDEPORTIVO URDINARRAIN,POLIDEPORTIVO MUNICIPAL,SIN CUIT 090,URDINARRAIN,GUALEGUAYCHÚ,3.446549292E9,,deportes@urdinarrain.gob.ar,,,,,,,https://www.facebook.com/DeportesyJuventudUrdi/?locale=es_LA,"Fútbol, Básquet , Hockey césped, Atletismo",SI,SIN DATOS,-32.6736937764015,-58.8854757999999,"Cancha de Hockey, cancha de basquet, pista de atletismo, Otros, Cancha hockey cesped"
CLUB ATLETICO COLONIA ELÍA,CLUB DEPORTIVO,3.0670799375E10,COLONIA ELÍA,URUGUAY,3.442449026E9,3.442403151E9,negrocelia@hotmail.com,RUTA 42 Y BV Nº 1,S/N,,,,"@caceCOLÓNiaelia
https://www.instagram.com/hockey_cace_oficial/",https://www.facebook.com/cace.cace.3/?locale=es_LA,"Fútbol, Hockey césped",SIN DATOS,SIN DATOS,-32.6651278069941,-58.3247004470018,"Cancha de Fútbol, SUM"
ASOCIACIÓN CIVIL Y DEPORTIVA 5TO CUARTEL,CLUB DEPORTIVO,3.0711825394E10,VICTORIA,VICTORIA,,,,REGGIARDO Y PREFECTURA NAVAL ARG.,,,,,@5tocuartel,Asociación Quinto Cuartel,Fútbol,SIN DATOS,SIN DATOS,-32.64279,-60.14524,
CLUB AGRARIO SOCIAL Y DEPORTIVO ROCAMORA,CLUB DEPORTIVO,3.0708859717E10,COLONIA ELÍA,URUGUAY,3.442646171E9,3.44242421E9,agrario1961@gmail.com,COLONIA EL SAUCE 0 COLONIA OFICIAL Nº 6,0.0,,,,@agrario.rocamora,,Fútbol,SIN DATOS,SIN DATOS,-32.63911,-58.45222,"Cancha de Fútbol, SUM"
ROWING CLUB VICTORIA,CLUB DEPORTIVO,3.0589719871E10,VICTORIA,VICTORIA,,1.156061095E9,ecornalo@edcargo.com,BV. BELGRANO- ZONA PUERTO,S/N,,,,https://www.instagram.com/rowingclubvic/,Rowing Club Victoria,"Tenis, Natación, padel, Pelota paleta",SIN DATOS,SIN DATOS,-32.6319653971786,-60.1610536623489,"Pileta Descubierta, cancha de tenis, cancha de pelota, cancha de padel"
CLUB DE PESCADORES VICTORIA CAZA Y NAUTICA,CLUB DEPORTIVO,3.0572350793E10,VICTORIA,VICTORIA,3.43642276E9,3.436433143E9,clubdepescadoresvictoria@hotmail.com,AVENIDA DR. PEDRO RADIO,S/N,,,,@clubpescadoresvictoria,Club Pescadores Náutica Victoria,"Náuticos, Pesca",SIN DATOS,SIN DATOS,-32.6286656473762,-60.1670529335127,"Otros, SUM, Cajon de arena"
CLUB ATLETICO SARMIENTO,CLUB DEPORTIVO,3.0616713821E10,VICTORIA,VICTORIA,3.436421065E9,3.436612909E9,martinvechetti@gmail.com,CHACABUCO,247.0,Cancha de futbol,"-32.63015307756359, -60.15679173423513",,https://www.instagram.com/cas.sarmiento/,Club Sarmiento Victoria,"Patinaje artístico, Fútbol, Básquet , Handball, Hockey césped, Bochas",SIN DATOS,SIN DATOS,-32.6260586077151,-60.1552236128373,"Cancha de Fútbol, cancha de basquet, Cancha Techada, Otros, cancha de bochas, SUM"
CLUB ATLETICO EL PORVENIR,CLUB DEPORTIVO,3.0690475851E10,VICTORIA,VICTORIA,,,,MAIPU,199.0,Cancha de futbol,"-32.617495901573506, -60.166987728163036",,https://www.instagram.com/el.porvenir.vic/,https://www.facebook.com/caepvictoriaer/?locale=es_LA,Fútbol,SIN DATOS,SIN DATOS,-32.6242364800143,-60.1546851046768,"Cancha de Fútbol, SUM"
CLUB SOCIAL VICTORIA,CLUB DEPORTIVO,3.0700140667E10,VICTORIA,VICTORIA,3.436421788E9,,clubsocialvictoria@hotmail.com,TOMAS DE ROCAMORA,401.0,,,,,Club Social Victoria,,SIN DATOS,SIN DATOS,-32.6221837303654,-60.158094985603,SUM
SOCIAL Y DEPORTIVO SAN ANTONIO,CLUB DEPORTIVO,3.0671078949E10,ALDEA SAN ANTONIO,GUALEGUAYCHÚ,3.446504787E9,3.446571556E9,nahuel-sittner@hotmail.com,SAN MARTIN,605.0,,,,@clubsdsanantonio,Club Social y Dep San Antonio,Fútbol,SIN DATOS,SIN DATOS,-32.6216552106111,-58.7070603335133,"Cancha de Fútbol, SUM, Pileta Techada"
POLIDEPORTIVO MUNICIPAL PROF. DANIEL HEIDENREICH,POLIDEPORTIVO MUNICIPAL,SIN CUIT 087,ALDEA SAN ANTONIO,GUALEGUAYCHÚ,,,,,,,,,,,"Fútbol, Hockey césped, Tenis, padel, Básquet",SIN DATOS,SIN DATOS,-32.6210401998911,-58.7084525963662,"Cancha de Fútbol, Cancha de Hockey, cancha de tenis, cancha de padel, Otros, Cajon de arena, Cancha hockey cesped"
CLUB GIMNASIA Y ESGRIMA,CLUB DEPORTIVO,3.0690462237E10,VICTORIA,VICTORIA,,,,ANGEL BALBI Y JUNIN,,,,,https://www.instagram.com/clubgimnasiavictoria/,,Fútbol,SIN DATOS,SIN DATOS,-32.6198887808578,-60.1630925232974,SUM
CLUB DEPORTIVO 25 DE MAYO,CLUB DEPORTIVO,3.0585111291E10,VICTORIA,VICTORIA,3.436421448E9,3.43661518E9,Clubdep25demayovictoria@hotmail.com,J.J URQUIZA,5.0,Cancha de futbol,"-32.62224840661925, -60.14252492603013",,@club25demayovic,https://www.facebook.com/club25demayo/?ref=_xav_ig_profile_page_web#,"Fútbol, Natación, Básquet , Patinaje artístico, Voley, Handball, Hockey césped",SIN DATOS,SIN DATOS,-32.6191171760026,-60.1539083046772,"Cancha de Fútbol, Pileta Descubierta, cancha de basquet, Gimnasio, Cancha Techada"
CLUB ATLÉTICO NEWELL'S OLD BOYS,CLUB DEPORTIVO,3.0690461931E10,VICTORIA,VICTORIA,3.436414476E9,3.436414476E9,nobvictoria1932@gmail.com,IRIGOYEN Y HERNANDARIAS,,Cancha de futbol,"-32.61491291906082, -60.12750719379347",,,Club Newells Victoria,"Futsal, Bochas, Fútbol",SIN DATOS,SIN DATOS,-32.6174486523478,-60.1441460937934,"Cancha de Fútbol, Otros, cancha de bochas, SUM"
CLUB ATLÉTICO HURACÁN,CLUB DEPORTIVO,3.0707452214E10,VICTORIA,VICTORIA,3.436424619E9,3.436455105E9,clubhuracanglobo@gmail.com,URQUIZA,195.0,Cancha de futbol,"-32.605295461902536, -60.14682814780441",,,Club Huracán Victoria,"Fútbol, Softbol",SIN DATOS,SIN DATOS,-32.6164686470365,-60.1566928065311,"Cancha de Fútbol, Otros, SUM"
CLUB ATLETICO LIBERTAD,CLUB DEPORTIVO,3.0707311505E10,VICTORIA,VICTORIA,,,,LIBERTAD,2254.0,,,,,Club Atlético Libertad,"Fútbol, padel, Fitness",SIN DATOS,SIN DATOS,-32.616435710121,-60.1618158335135,"Cancha de Fútbol, cancha de padel, Cancha Techada, SUM, Gimnasio"
CLUB SPORTIVO VICTORIA,CLUB DEPORTIVO,3.0710258844E10,VICTORIA,VICTORIA,3.436425005E9,3.436496281E9,clubsportivovictoria1933@gmail.com,25 DE MAYO Y GUEMES,0.0,Cancha de futbol,"-32.595003558451694, -60.165527726308355",,@clubsportivovictoria,Club Sportivo Victoria,Fútbol,SIN DATOS,SIN DATOS,-32.6159966403405,-60.1596913776949,"Cancha de Fútbol, SUM"
CLUB ATLETICO BANFIELD,CLUB DEPORTIVO,3.0690462091E10,VICTORIA,VICTORIA,,,,GÜEMES Y LOPEZ JORDAN,,,,,@eltaladrovictoria,,Fútbol,SIN DATOS,SIN DATOS,-32.6138607569777,-60.1565663739872,SUM
CLUB ATLETICO MANSILLA CULTURAL Y RECREATIVO,CLUB DEPORTIVO,3.0707072519E10,GOBERNADOR MANSILLA,TALA,3.445476111E9,3.445457548E9,mtku_2_2@hotmail.com,AVENIDA SAN MARTIN,168.0,Cancha de futbol y pileta,"-32.53959807690034, -59.356256239799194",,@clubatleticomansilla,https://www.facebook.com/clubatleticomansilla.cam/,"Fútbol, Natación, Voley, Bochas",SIN DATOS,SIN DATOS,-32.5430838696508,-59.3588206937934,"Cancha de Fútbol, Pileta Descubierta, cancha de bochas, Cancha Techada, Otros, cancha de padel, Cajon de arena"
CLUB CULTURAL Y DEPORTIVO FERROCARRIL SAN LORENZO,CLUB DEPORTIVO,3.0670952963E10,GOBERNADOR MANSILLA,TALA,3.445532762E9,3.445493173E9,rominazayas_23@hotmail.com,43976.0,259.0,Cancha de futbol,"-32.54320228227997, -59.35499538212642",,https://www.instagram.com/clubferro.mansilla/?hl=es-la,https://www.facebook.com/futbolclubferromansilla/?locale=es_LA,"Fútbol, Voley",SIN DATOS,SIN DATOS,-32.5425813761105,-59.3570804488629,"Cancha Techada, SUM, Cancha de Fútbol"
CLUB UNIVERSITARIO DE CONCEPCIÓN DEL URUGUAY,PRIVADO,3.0584849513E10,CONCEPCIÓN DEL URUGUAY,URUGUAY,3.442423389E9,1.140867554E9,comisioncucu@gmail.com,BARRIO HIPODROMO,S/N,,,www.ar.digitalgolftour.com/universitario,@cucurugby,"https://www.facebook.com/cucurugby/?locale=es_LA
https://www.facebook.com/cucugolf/posts/pfbid02nsDAhDRUBWB93YzBS9zU594z6tQXmtr2hT1aan9MMRhRxBejodMr54U6Tj7bEaKal?ref=embed_page","Rugby, Golf",SIN DATOS,SIN DATOS,-32.4994890567463,-58.3267377288362,"Campo de Golf, Cancha de Rugby, SUM"
UNIVERSIDAD TECNOLÓGICA NACIONAL (UTN),PREDIO UNIVERSITARIO,3.0546671166E10,CONCEPCIÓN DEL URUGUAY,URUGUAY,,,,,,,,www.frcon.utn.edu.ar/deportes/,,,,SIN DATOS,SIN DATOS,-32.4957004606047,-58.2292305263083,
CLUB PARQUE SUR,CLUB DEPORTIVO,3.0650133559E10,CONCEPCIÓN DEL URUGUAY,URUGUAY,3.44245051E9,3.442624042E9,clubparquesur@yahoo.com.ar,COCHABAMBA,581.0,,,,@club.parquesur,https://www.facebook.com/ClubParqueSur.SitioOficial/?locale=es_LA,"Fútbol, Básquet, Náuticos, Natación, Hockey césped",SIN DATOS,SIN DATOS,-32.4954293986971,-58.2280990358471,"cancha de basquet, Cancha de Fútbol, Cancha Techada, Otros, Pileta Techada"
ACADEMIA DE BOXEO AMILCAR BRUSA,PRIVADO,SIN CUIT 033,CONCEPCIÓN DEL URUGUAY,URUGUAY,,,,,,,,,https://www.instagram.com/academia_d_boxeo_amilcar_brusa/,https://www.facebook.com/academiadeboxeoamilcarbrusa/,Boxeo,SIN DATOS,SIN DATOS,-32.4948003789175,-58.2287602668081,"Cancha Techada, Gimnasio"
CLUB SOCIAL Y DEPORTIVO MARÍA AUXILIADORA,CLUB DEPORTIVO,3.0701846261E10,CONCEPCIÓN DEL URUGUAY,URUGUAY,3.442441364E9,3.442419904E9,miguelessilvia68@gmail.com,SUIPACHA Y 28 DEL OESTE SUR,S/N,,,,@clubmariaauxiliadora,https://www.facebook.com/p/Club-Social-y-Deportivo-Maria-Auxiliadora-100027974693495/?locale=es_LA,Fútbol,SIN DATOS,SIN DATOS,-32.4946275435996,-58.2709287046065,Cancha de Fútbol
CLUB REPUBLICA DE ITALIA,CLUB DEPORTIVO,3.0716280442E10,CONCEPCIÓN DEL URUGUAY,URUGUAY,3.442433788E9,3.442660809E9,clubrcadeitalia@gmail.com,COLONIA PERFECCIÓN SUR CALLE PULIBA,C/N,,,,"@natacion.cri
https://www.instagram.com/hockeytano/",https://www.facebook.com/clubrcadeitalia/,"Natación, Hockey césped, Fútbol",SIN DATOS,SIN DATOS,-32.4936688835232,-58.2944720287603,"Pileta Techada, Cancha de Hockey, Cancha de Fútbol, Cancha hockey cesped"
CLUB SUB OFICIALES ITAPÉ,CLUB DEPORTIVO,3.0708247266E10,CONCEPCIÓN DEL URUGUAY,URUGUAY,3.442436743E9,3.442553456E9,veronicagomez@hotmai.com,SUIPACHA Y BVARD. ARAOZ,S/N,,,,,,"Tenis, Rugby, Pelota paleta",SIN DATOS,SIN DATOS,-32.4922084861217,-58.2486903046066,"cancha de tenis, Pileta Descubierta, SUM, cancha de pelota"
PLAYON LA CONCEPCIÓN - PARQUE 21,POLIDEPORTIVO MUNICIPAL,SIN CUIT 023,CONCEPCIÓN DEL URUGUAY,URUGUAY,,,,,,,,,,,Deportes Urbanos,SIN DATOS,SIN DATOS,-32.4919718907953,-58.2337205342715,Otros
CLUB SPORTING CONCEPCIÓN,CLUB DEPORTIVO,3.0712038604E10,CONCEPCIÓN DEL URUGUAY,URUGUAY,3.442418543E9,3.442566989E9,clubsportingconcepcioncdelu@gmail.com,RIVADAVIA Y 25 DE AGOSTO,3.44215418543E11,,,,@clubsportingconcepcion,https://www.facebook.com/ClubSportingCdelU/,"Fitness, Artes Marciales/deportes de contacto, Fútbol",SIN DATOS,SIN DATOS,-32.4915450132473,-58.2348024349461,"SUM, Otros"
ÔKAMI - ARTES MARCIALES,PRIVADO,SIN CUIT 058,CONCEPCIÓN DEL URUGUAY,URUGUAY,,,,,,,,,,https://www.facebook.com/Okamimarcial?locale=es_LA,Artes Marciales/deportes de contacto,SIN DATOS,SIN DATOS,-32.4896313056934,-58.2593382067454,SUM
CLUB SOCIAL Y DEPORTIVO BAJADA GRANDE,CLUB DEPORTIVO,3.0708303166E10,CONCEPCIÓN DEL URUGUAY,URUGUAY,3.442485401E9,3.442621162E9,clubsocialydeportivobajadagrande@hotmail.com.ar,SAN MARTIN,2220.0,,,,@bajadagrande.voley,,"Básquet , Voley, Bochas, Patinaje artístico, Artes Marciales/deportes de contacto",SIN DATOS,SIN DATOS,-32.4896152582205,-58.2581979114708,Cancha Techada
GIMNASIA Y ESGRIMA FOOT BALL CLUB,CLUB DEPORTIVO,3.3624933929E10,CONCEPCIÓN DEL URUGUAY,URUGUAY,3.442476869E9,3.442476869E9,alibles@hotmail.com,21 DE NOVIEMBRE,214.0,,,,https://www.instagram.com/clubgimnasiacdelu/?hl=es,https://www.facebook.com/clubgimnasiacdelu/?ref=_xav_ig_profile_page_web#,Fútbol,SIN DATOS,SIN DATOS,-32.4881294796742,-58.2345643791088,"Cancha de Fútbol, SUM"
CLUB SOCIAL CULTURAL Y DEPORTIVO ALMAFUERTE,CLUB DEPORTIVO,3.0708298774E10,CONCEPCIÓN DEL URUGUAY,URUGUAY,3.442423331E9,3.44254304E9,leonardo_saldivia@hotmail.com,ROSARIO Y EREÑO,338.0,,,,@clubalmafuertecdelu,https://www.facebook.com/clubalmafuerteoficial/,Básquet,SIN DATOS,SIN DATOS,-32.4870706859942,-58.2253843473842,"cancha de basquet, Cancha Techada, SUM"
CLUB ATLETICO SAN MARTIN,CLUB DEPORTIVO,3.0670772523E10,CONCEPCIÓN DEL URUGUAY,URUGUAY,3.442423035E9,3.442441805E9,clubsanmartincdelu@gmail.com,SAN MARTÍN,1201.0,,,,,https://www.facebook.com/p/CLUB-SAN-martin-100054631321444/?locale=es_LA,"Patinaje artístico, Boxeo, Fitness, Voley",SIN DATOS,SIN DATOS,-32.4868959810859,-58.2404774084837,"SUM, Cancha Techada, Otros"
JOCKEY CLUB URUGUAY,CLUB DEPORTIVO,3.0530032856E10,CONCEPCIÓN DEL URUGUAY,URUGUAY,3.442422131E9,3.442640444E9,jockeyclubu@gmail.com,ALBERDI,878.0,Lugar fisico para la práctica deportiva,"-32.49054650625779, -58.33101797470766",,@jockeycluburuguay,https://www.facebook.com/jockeyclub.uruguay/?locale=es_LA,"Hipismo, Hockey césped",SIN DATOS,SIN DATOS,-32.4863609243993,-58.2348290622779,"Otros, Cancha de Hockey, Cancha de Rugby, Cancha hockey cesped"
TIRO FEDERAL ARGENTINO DE CONCEPCIÓN DEL URUGUAY,CLUB DEPORTIVO,3.0670750589E10,CONCEPCIÓN DEL URUGUAY,URUGUAY,3.442472342E9,3.44266382E9,tirfedcdelu@yahoo.com.ar,JUAN JOSE BRUNO,3496.0,,,,,https://www.facebook.com/p/Tiro-Federal-Concepci%C3%B3n-del-Uruguay-100083369389165/,tiro deportivo,SIN DATOS,SIN DATOS,-32.4863165741456,-58.2875222911133,Otros
CLUB SOCIAL Y DEPORTIVO VILLA LAS LOMAS,CLUB DEPORTIVO,3.0711979138E10,CONCEPCIÓN DEL URUGUAY,URUGUAY,3.442416122E9,3.442628973E9,mrbarbieri@arnet.com.ar,MITRE E/ 28 Y 29 OESTE NORTE,,,,,@clubvillalaslomas,https://www.facebook.com/p/Club-Social-y-Deportivo-Villa-las-Lomas,"Voley, Fitness, Básquet, Artes Marciales/deportes de contacto, Patinaje artístico",SIN DATOS,NINGUNA,-32.485328472556,-58.2708876199488,"cancha de basquet, Cancha Techada, Otros, Cajon de arena"
"BRAZILIAN JIU JITSU ""TEAM CDELU""",PRIVADO,SIN CUIT 044,CONCEPCIÓN DEL URUGUAY,URUGUAY,,,,,,,,,https://www.instagram.com/bjj_team_cdelu/,,Artes Marciales/deportes de contacto,SIN DATOS,SIN DATOS,-32.4843424685809,-58.2356038938383,Gimnasio
CLUB ATLÉTICO ENGRANAJE,CLUB DEPORTIVO,3.0710614616E10,CONCEPCIÓN DEL URUGUAY,URUGUAY,3.442467823E9,3.442624422E9,chinosfernandez@yahoo.com.ar,ITUZAINGO Y 20 DEL OESTE NORTE,2301.0,,,,@clubengranajeoficial,https://www.facebook.com/EngranajeCdelU,Fútbol,SIN DATOS,SIN DATOS,-32.4824504092872,-58.2652298556232,"Cancha de Fútbol, SUM"
ACADEMIA DE TAEKWON-DO AXEL MARTÍN,PRIVADO,SIN CUIT 059,CONCEPCIÓN DEL URUGUAY,URUGUAY,,,,,,,,,,https://www.instagram.com/axeelmartin.taekwondo/,Artes Marciales/deportes de contacto,SIN DATOS,SIN DATOS,-32.4819181957738,-58.25746355329,SUM
UNIVERSIDAD POPULAR DE CONCEPCIÓN DEL URUGUAY (UCU),PREDIO UNIVERSITARIO,3.3670741309E10,CONCEPCIÓN DEL URUGUAY,URUGUAY,,,,,,,,,https://www.instagram.com/ucudeportes/,https://www.facebook.com/DireccionDeportesCdelU/?locale=es_LA,"Fútbol, Bochas, Pesca, Hockey césped, Voley, Básquet , Natación",SIN DATOS,SIN DATOS,-32.48159,-58.22969,
CLUB DE BOCHAS LARROQUE,CLUB DEPORTIVO,3.0711656916E10,CONCEPCIÓN DEL URUGUAY,URUGUAY,3.4424708E9,3.442540669E9,piasilviaogguier@hotmail.com,LARROQUE,167.0,,,,,,Bochas,SIN DATOS,SIN DATOS,-32.4814611307159,-58.2285220811305,cancha de bochas
ASOCIACIÓN CIVIL FORTALECER,CLUB DEPORTIVO,3.0714377678E10,CONCEPCIÓN DEL URUGUAY,URUGUAY,3.442478592E9,3.442581763E9,fortalecerentrerios@gmail.com,JUAN D. PERÓN (ESQUINA 9 DE JULIO),4.0,,,www.fortalecerentrerios.com.ar/,@fortalecerentrerios,https://www.facebook.com/FortalecerER/?locale=es_LA,Artes Marciales/deportes de contacto,SIN DATOS,SIN DATOS,-32.4802551632373,-58.2417395757717,SUM
UNIVERSIDAD NACIONAL DE ENTRE RIOS (UNER),PREDIO UNIVERSITARIO,3.0562252157E10,CONCEPCIÓN DEL URUGUAY,URUGUAY,343 611-9667,,,,,,,www.estudia.uner.edu.ar/deportes/,"uneroficial
https://www.instagram.com/bienestar.uner/",https://www.facebook.com/UNERoficial/?locale=es_LA,"Básquet , Voley, Futsal",,SIN DATOS,-32.480022736032,-58.2625144755463,"Otros, Cancha Techada, cancha de basquet"
CLUB ZANINETTI - CIRCULO CATOLICO DE OBREROS,CLUB DEPORTIVO,3.0527202198E10,CONCEPCIÓN DEL URUGUAY,URUGUAY,3.442425809E9,3.442421214E9,clubzaninetti@yahoo.com,LEGUIZAMON,357.0,,,,@ccocdelu,https://www.facebook.com/ccocdelu/?locale=es_LA,Básquet,SIN DATOS,SIN DATOS,-32.4797663316989,-58.2348733355276,"cancha de basquet, Cancha Techada, Pileta Descubierta, SUM"
UNIVERSIDAD AUTONOMA DE ENTRE RIOS (UADER),PREDIO UNIVERSITARIO,3.0707558691E10,CONCEPCIÓN DEL URUGUAY,URUGUAY,,,deportes@uader.edu.ar,25 DE MAYO,385.0,,,www.fhaycs-uader.edu.ar/,https://www.instagram.com/fcyt_bienestar?igsh=MWw1bThiemY3aGp5ag%3D%3D,https://www.facebook.com/deportesuader/?locale=es_LA,"Voley, Fitness",SIN DATOS,SIN DATOS,-32.4788713080128,-58.232703017078,
CLUB ATLETICO RIVADAVIA,CLUB DEPORTIVO,3.0607168225E10,CONCEPCIÓN DEL URUGUAY,URUGUAY,3.442423128E9,1.159555241E9,clubrivadavia@gmail.com,LORENZO SARTORIO,1320.0,,,,"https://www.instagram.com/clubrivadaviaok/?fbclid=IwY2xjawMRp-ZleHRuA2FlbQIxMABicmlkETFPNXVEQ3pMcWU3UnM5TEJXAR58_hmnDctEffN69fNBRYw18RiHDkg9m-5h230I09UdteKDB0FjTgnTSahiAg_aem_U1yg5lhQRjP707EUb_cOEw
@futbolrivadavia.oficial",https://www.facebook.com/p/Club-Atl%C3%A9tico-Rivadavia-61550361612013/?locale=es_LA,"Básquet , Voley, Fútbol, Patinaje artístico, Bochas, Hockey césped",SIN DATOS,SIN DATOS,-32.4779651050632,-58.2442996892654,"cancha de basquet, Cancha Techada, Cancha de Fútbol, Gimnasio"
CLUB TOMAS DE ROCAMORA,CLUB DEPORTIVO,3.0610104424E10,CONCEPCIÓN DEL URUGUAY,URUGUAY,3.442439755E9,,tomasderocamoraclub@gmail.com,,,,,www.clubrocamora.com.ar/,@clubtomasderocamora,,"Básquet , Tenis, Fitness, padel",SIN DATOS,SIN DATOS,-32.4768077568988,-58.2276685795249,"cancha de basquet, cancha de tenis, Gimnasio, Pileta Descubierta, SUM"
CLUB REGATAS URUGUAY,CLUB DEPORTIVO,3.0506864611E10,CONCEPCIÓN DEL URUGUAY,URUGUAY,3.442427962E9,3.442402199E9,clubregatasuruguay@hotmail.com,BOULEVARD IRIGOYEN,16.0,,,,https://www.instagram.com/clubregatasuruguay/,(1) Facebook,"Básquet , Hockey césped, Náuticos, Natación",SIN DATOS,SIN DATOS,-32.4764297015131,-58.2225198334428,"cancha de basquet, Cancha de Hockey, Cancha Techada, Pileta Techada, Pileta Descubierta, Cancha hockey cesped"
CLUB ATLÉTICO LANÚS,CLUB DEPORTIVO,3.0650476642E10,CONCEPCIÓN DEL URUGUAY,URUGUAY,3.442426057E9,3.442627557E9,lanuscdelu@hotmail.com.ar,BOULEVARD HIPOLITO IRIGOYEN,,,,,,,"Fútbol, Voley, Hockey sobre patines",NO,"ACCESO ADECUADO, PUERTAS ACCESIBLES, ANCHO DE PASILLOS, ESCALERAS ACCESIBLES, SANITARIOS ACCESIBLES",-32.47619,-58.2259,Cancha Techada
CLUB ATLÉTICO ALMAGRO,CLUB DEPORTIVO,3.3708251009E10,CONCEPCIÓN DEL URUGUAY,URUGUAY,3.442522832E9,3.442553858E9,tamacaceres116@gmail.com,PABLO SCELIGA Y CELIA TORRA,S/N,,,,@club_atletico_almagroo,https://www.facebook.com/profile.php?id=61557939797407&ref=_xav_ig_profile_page_web#,Fútbol,SIN DATOS,SIN DATOS,-32.4758345062612,-58.2513156468294,Cancha de Fútbol
CLUB CICLISTA URUGUAYENSE,CLUB DEPORTIVO,3.3708949189E10,CONCEPCIÓN DEL URUGUAY,URUGUAY,3.442464571E9,3.442415811E9,nataliaviera3@gmail.com,AV. ITALIA,150.0,,,,,https://www.facebook.com/ClubCiclistaUrguayense/,Ciclismo,SIN DATOS,SIN DATOS,-32.4754487034793,-58.2239466045017,
CEF Nº3 DE CONCEPCIÓN DEL URUGUAY,POLIDEPORTIVO PROVINCIAL,SIN CUIT 078,CONCEPCIÓN DEL URUGUAY,URUGUAY,,,,,,,,,,,"Atletismo, Voley, Artes Marciales/deportes de contacto, Futsal",SI,SIN DATOS,-32.4752189760029,-58.2277278397991,"Cancha Techada, Otros, pista de atletismo"
AGRUPACIÓN DE CICLISMO PANCHO RAMIREZ,CLUB DEPORTIVO,3.0710624344E10,CONCEPCIÓN DEL URUGUAY,URUGUAY,3.442441232E9,3.442488362E9,apeariouruguay@gmail.com,LOS ÑANDUBAY,79.0,,,,,,Ciclismo,SIN DATOS,SIN DATOS,-32.4744313068196,-58.2556996558217,
SHIKINAEN DOJO,PRIVADO,2.0162171985E10,CONCEPCIÓN DEL URUGUAY,URUGUAY,,,,,,,,,,https://www.facebook.com/p/Karate-Do-Shin-Shu-Kan-Zanshin-Dojo-Concepci%C3%B3n-del-Uruguay-100063539202405/,Artes Marciales/deportes de contacto,SIN DATOS,SIN DATOS,-32.4738758498568,-58.2362036765999,SUM
Cancha Municipal de Hockey Concepción del Uruguay,POLIDEPORTIVO MUNICIPAL,SIN CUIT 076,CONCEPCIÓN DEL URUGUAY,URUGUAY,,,,,,,,,,,Hockey césped,SIN DATOS,SIN DATOS,-32.4735562929631,-58.2237491342715,"Cancha de Hockey, Cancha hockey cesped"
Velódromo Municipal de Concepción del Uruguay,POLIDEPORTIVO MUNICIPAL,SIN CUIT 096,CONCEPCIÓN DEL URUGUAY,URUGUAY,,,,,,,,,,,Ciclismo,SIN DATOS,SIN DATOS,-32.4735562929631,-58.2237491342715,Otros
CENTRO DEPORTIVO Y CULTURAL DON BOSCO,CLUB DEPORTIVO,3.0708249307E10,CONCEPCIÓN DEL URUGUAY,URUGUAY,3.442549772E9,,gomezmuyi@gmail.com,AMEGHINO,S/N,,,,,,Fútbol,SIN DATOS,SIN DATOS,-32.4715448873228,-58.2393476181012,Cancha de Fútbol
CLUB DE PROFESIONALES JUSTO JOSE DE URQUIZA,CLUB DEPORTIVO,3.3707984339E10,CONCEPCIÓN DEL URUGUAY,URUGUAY,3.442419304E9,3.442419304E9,clubdeprofesionaleshockey@hotmail.com,GRANILLO POSSE,S/N,,,,@clubdeprofesionalesjju,https://www.facebook.com/Club.Profesionales,"Fútbol, Hockey césped",SIN DATOS,SIN DATOS,-32.4661279145629,-58.2808480838575,"Cancha de Fútbol, SUM, Cancha de Hockey, Cancha hockey cesped"
CLUB ATLETICO URUGUAY SOCIAL Y DEPORTIVO,CLUB DEPORTIVO,3.0670784157E10,CONCEPCIÓN DEL URUGUAY,URUGUAY,3.442432358E9,3.442488747E9,clapierleandro@gmail.com,25 DE MAYO Y LOS TULIPANES,S/N,,,,@clubatleticouruguay,https://www.facebook.com/ClubAtleticoUruguayoficial/,Fútbol,SI,"ANCHO DE PASILLOS, ESCALERAS ACCESIBLES, SANITARIOS ACCESIBLES, VESTUARIOS ACCESIBLES",-32.4655312242647,-58.2359428334435,"Cancha de Fútbol, Pileta Techada"
CLUB SOCIAL Y DEPORTIVO JUVENTUD DE CASEROS,CLUB DEPORTIVO,3.3600680159E10,CASEROS,URUGUAY,3.442442024E9,3.442467634E9,clubsocialydeportivojuventud@gmail.com,CALLE 8,765.0,,,,,https://www.facebook.com/p/Buffet-Club-Juventud-De-Caseros-100064810639220/,"Bochas, Básquet",SIN DATOS,SIN DATOS,-32.4631244204936,-58.4796311141992,"cancha de bochas, Cancha Techada, cancha de basquet, SUM"
AUTÓDROMO DE CONCEPCIÓN DEL URUGUAY,POLIDEPORTIVO MUNICIPAL,SIN CUIT 060,CONCEPCIÓN DEL URUGUAY,URUGUAY,,,,,,,,,,https://www.facebook.com/autodromocdelu#,Automovilismo / karting,SIN DATOS,SIN DATOS,-32.4560111176617,-58.3146613553839,Otros
CLUB UNIÓN Y RECREO,CLUB DEPORTIVO,3.0670801914E10,SAN JUSTO,URUGUAY,3.442495094E9,3.442537268E9,flaviadaianabel@gmail.com,BUENOS AIRES,378.0,,,,@clubunionyrecreo,https://www.facebook.com/unionyrecreoclub/,"Fútbol, Básquet",SIN DATOS,SIN DATOS,-32.4459364390854,-58.4411465911153,"Cancha de Fútbol, SUM"
CLUB SOCIAL CULTURAL Y DEPORTIVO SAN MARTÍN DE HERRERA,CLUB DEPORTIVO,3.0710603886E10,HERRERA,URUGUAY,3.442625601E9,3.442508658E9,clubsanmartinherrera@gmail.com,AVENIDA ORLANDO ERPEN,320.0,,,,https://www.instagram.com/sanmartin.herrera/,https://www.facebook.com/san.martin.herrera.2025/,"Fútbol, Hockey césped",SIN DATOS,SIN DATOS,-32.4376257769238,-58.6305680931896,Cancha de Fútbol
CLUB ATLETICO LOS GORILAS,CLUB DEPORTIVO,3.0708993308E10,CASEROS,URUGUAY,3.44264603E9,3.442492052E9,silroco41@yahoo.com.ar,PRIMERO DE MAYO,0.0,,,,,https://www.facebook.com/clublosgorilas.losgorilasentrerios/?locale=es_LA,Fútbol,SIN DATOS,SIN DATOS,-32.4345784066231,-58.4891337312154,"Cancha de Fútbol, SUM"
Polideportivo Nogoyá,POLIDEPORTIVO MUNICIPAL,SIN CUIT 070,NOGOYÁ,NOGOYÁ,,,,RP26,,,,,,,"Voley, Atletismo, Natación, Ciclismo, Patinaje artístico, Básquet, Fútbol, Rugby, Hockey césped",SIN DATOS,SIN DATOS,-32.4069239858229,-59.8015414821511,"Pileta Descubierta, Cancha de Fútbol, Cancha de Rugby, Cancha Techada, cancha de basquet, cancha de tenis, pista de atletismo, Cajon de arena"
CENTRO DEPORTIVO MANTERO,CLUB DEPORTIVO,3.0709125865E10,VILLA MANTERO,URUGUAY,3.445494013E9,3.445404945E9,centrodeportivomantero45@gmail.com,JUAN M.SERÓ,502.0,,,,,https://www.facebook.com/p/Centro-Deportivo-Mantero-Oficial,Fútbol,SIN DATOS,SIN DATOS,-32.4052075464484,-58.7410256622819,"Cancha de Fútbol, Cancha Techada"
CLUB SOCIAL Y DEPORTIVO 25 DE MAYO,CLUB DEPORTIVO,3.0690451766E10,NOGOYÁ,NOGOYÁ,3.435617317E9,3.435617317E9,marcoscavagna@hotmail.com,BOULEVARD SARMIENTO,1150.0,,,,https://www.instagram.com/csyd25demayo.oficial/?hl=es,https://www.facebook.com/eldecanodeNOGOYÁ/?locale=es_LA,Fútbol,SIN DATOS,SIN DATOS,-32.39913,-59.79559,Cancha de Fútbol
CLUB SOCIAL NOGOYÁ,CLUB DEPORTIVO,3.3530616989E10,NOGOYÁ,NOGOYÁ,3.435530426E9,3.435422402E9,diegoeduardomartinez@hotmail.com,SAN MARTIN Y CENTENARIO,0.0,,,,https://www.instagram.com/depor_NOGOYÁ/?hl=es,,OTROS,SIN DATOS,SIN DATOS,-32.39747,-59.78813,
AERO CLUB NOGOYÁ,CLUB DEPORTIVO,3.0690479296E10,NOGOYÁ,NOGOYÁ,3.43542704E9,3.435616602E9,aeroclubNOGOYÁ@hotmail.com,RUTA NACIONAL 12 Y RUTA PROVINCIAL 39,1.0,,,,,https://www.facebook.com/AeroClubNOGOYÁ/?locale=es_LA,Aviación,SIN DATOS,SIN DATOS,-32.3966889511879,-59.7504634821264,Otros
CLUB DEPORTIVO ECHAGÜE,CLUB DEPORTIVO,3.0670958694E10,GOBERNADOR ECHAGUE,TALA,3.445653736E9,3.445496012E9,larromedisko@yahoo.com.ar,SIN NOMBRE,S/N,,,,https://www.instagram.com/clubdeportivoechague/?hl=es-la,https://www.facebook.com/clubdeportivoechague/,"Fútbol, Voley",NO,"DÁRSENA DE LLEGADA, ACCESO ADECUADO, PUERTAS ACCESIBLES, ANCHO DE PASILLOS",-32.3948024983221,-59.2769827956172,"Cancha de Fútbol, Cancha Techada, Otros"
CLUB DEPORTIVO SIRIO LIBANES,CLUB DEPORTIVO,3.0700138727E10,NOGOYÁ,NOGOYÁ,3.435416111E9,3.435416111E9,amilcar.olivera@hotmail.com,FITZ GERALD Y URQUIZA,0.0,,,,https://www.instagram.com/siriolibanesNOGOYÁ/,,"Fitness, Rugby, Fútbol, Handball, Básquet",SIN DATOS,SIN DATOS,-32.3943940146979,-59.7919601518332,"Cancha de Rugby, Cancha de Fútbol, cancha de basquet"
CLUB DEPORTIVO LIBERTAD,CLUB DEPORTIVO,3.0707128034E10,NOGOYÁ,NOGOYÁ,3.435534726E9,3.435535742E9,miguelidiaz@yahoo.com.ar,ITALIA,537.0,,,,https://www.instagram.com/clubdeportivolibertad.oficial/?hl=es,,"Fútbol, Rugby, Patinaje artístico",SIN DATOS,SIN DATOS,-32.3903575203076,-59.7985288342715,"Cancha de Fútbol, Cancha de Rugby, SUM"
CLUB DEPORTIVO NOGOYÁ (CDN),CLUB DEPORTIVO,3.0671194027E10,NOGOYÁ,NOGOYÁ,3.435409521E9,,poli_lhg@hotmail.com,MIHURA,S/N,,,,https://www.instagram.com/depor_NOGOYÁ/?hl=es,https://www.facebook.com/p/Club-Deportivo-Nogoy%C3%A1-100063589537443/,"Natación, Fútbol, Tenis, Pelota paleta, Bochas",SIN DATOS,SIN DATOS,-32.3894898944149,-59.7909258612804,"Cancha de Fútbol, Pileta Descubierta, cancha de tenis, Otros, cancha de pelota, SUM, cancha de bochas"
CLUB SOCIAL Y DEPORTIVO LUCAS,CLUB DEPORTIVO,3.0688807693E10,LUCAS GONZÁLEZ,NOGOYÁ,3.455421196E9,,osvaldo.kuttel@infinet.com.ar,LUCAS SUD,0.0,,,,https://www.instagram.com/clubsociallg_/,,"Bochas, Tenis",SIN DATOS,SIN DATOS,-32.385251295754,-59.5319213966793,"cancha de bochas, cancha de padel, SUM"
CLUB ATLETICO LUCAS GONZÁLEZ,CLUB DEPORTIVO,3.0700189909E10,LUCAS GONZÁLEZ,NOGOYÁ,3.435480296E9,3.43561936E9,lisandrovolonte@gmail.com,OLEGARIO VICTOR ANDRADE,S/N,,,,https://www.instagram.com/c.a.lucasgonzalez/,https://www.facebook.com/p/Club-Atl%C3%A9tico-Lucas-Gonz%C3%A1lez-100064404924106/,"Fútbol, padel",SIN DATOS,SIN DATOS,-32.3840806337389,-59.524350676486,"Cancha de Fútbol, cancha de padel"
FERROCARRIL FOOT BALL CLUB,CLUB DEPORTIVO,3.0690508202E10,NOGOYÁ,NOGOYÁ,3.43540691E9,3.4356147E9,albertoacostanog@gmail.com,LA PAZ,864.0,,,,,https://www.facebook.com/ffbc.oficial/,"Fútbol, padel",SIN DATOS,SIN DATOS,-32.3827078546245,-59.796293928163,"Cancha de Fútbol, Cancha de Rugby, Gimnasio, SUM, cancha de padel"
CLUB DEPORTIVO PEÑAROL,CLUB DEPORTIVO,3.0670752948E10,BASAVILBASO,URUGUAY,3.445437804E9,3.44242421E9,unicolascola@gmail.com,MITRE,0.0,,,,@ofi_cdp_basalvibaso,,Fútbol,SIN DATOS,SIN DATOS,-32.3767423323053,-58.8713701334479,Cancha de Fútbol
CLUB DEFENSORES DEL OESTE,CLUB DEPORTIVO,3.0670772388E10,BASAVILBASO,URUGUAY,3.445433638E9,3.445433638E9,arielamarillo19@hotmail.com,BERNARDO UCHITEL,1100.0,,,,,,Bochas,SIN DATOS,SIN DATOS,-32.3762797256175,-58.8817683275742,"cancha de bochas, Cancha Techada, cancha de basquet"
CLUB DEPORTIVO RAMSAR JUNIORS,CLUB DEPORTIVO,3.0670760754E10,BASAVILBASO,URUGUAY,3.44545558E9,3.445403429E9,cdramsarjuniors@gmail.com,RAMIREZ,947.0,Cancha de fútbol 11,"-32.37929542591674, -58.87506453050566",,@ramsarjrs,https://www.facebook.com/ramsarjuniorsbasavilbaso/?locale=es_LA,Fútbol,NO,"ACCESO ADECUADO, PUERTAS ACCESIBLES, ANCHO DE PASILLOS",-32.375469745811,-58.8777112478074,"Cancha de Fútbol, Cancha Techada, SUM"
CLUB ATLETICO BASAVILBASO,CLUB DEPORTIVO,3.0670754541E10,BASAVILBASO,URUGUAY,3.445481351E9,3.445482452E9,uchitel176@live.com.ar,AVENIDA SAN MARTÍN Y BARÓN HIRSCH,401.0,,,,@clubatleticobasavilbaso,https://www.facebook.com/clubatleticobasavilbaso/?locale=es_LA,Fútbol,NO,"ESTACIONAMIENTOS ACCESIBLES, PUERTAS ACCESIBLES",-32.3651282988783,-58.8784805857502,"Cancha de Fútbol, Cancha Techada, SUM"
AERO CLUB BASAVILBASO,CLUB DEPORTIVO,3.0708248653E10,BASAVILBASO,URUGUAY,3.44548194E9,3.445477751E9,gise_ga@hotmail.com,SUIPACHA,S/N,,,,@aeroclubhockeybasavilbaso,https://www.facebook.com/aeroclub.basavilbaso/?locale=es_LA,"Aviación, Fútbol, Hockey césped",SIN DATOS,SIN DATOS,-32.3636206327453,-58.8763240471205,"Otros, Cancha de Fútbol, cancha de padel"
CLUB SOCIAL Y DEPORTIVO DEFENSORES DE PRONUNCIAMIENTO,CLUB DEPORTIVO,3.0708751991E10,PRONUNCIAMIENTO,URUGUAY,3.442540773E9,3.442496387E9,aserraderopapi@hotmail.com,DAYMONAZ,0.0,,,,@clubdepro,https://www.facebook.com/p/DEPRO,"Fútbol, Hockey césped",NO,"PUERTAS ACCESIBLES, ANCHO DE PASILLOS",-32.3435231958934,-58.4498388870533,"Cancha de Fútbol, SUM, Cancha Techada, Pileta Descubierta"
CLUB DEPORTIVO Y CULTURAL UNION SOLENSE,CLUB DEPORTIVO,3.070706793E10,GOBERNADOR SOLÁ,TALA,3.445453202E9,3.445492034E9,melinadcabrera@gmail.com,CALLE PAVIMENTADA 0 ENTRE LAS CALLES LAURENCENA E ILLIA,S/N,,,,https://www.instagram.com/club.unionsolense/,https://www.facebook.com/union.solense/?locale=es_LA,Fútbol,SIN DATOS,SIN DATOS,-32.3362603430619,-59.3669199623659,Cancha de Fútbol
COMPLEJO POLIDEPORTIVO MUNICIPAL GRAL. JOSÉ DE SAN MARTIN,POLIDEPORTIVO MUNICIPAL,SIN CUIT 016,HERNÁNDEZ,NOGOYÁ,,,,,,,,,https://www.instagram.com/municipioHERNÁNDEZ/?hl=en,https://www.facebook.com/municipioHERNÁNDEZ19/?locale=es_LA,"Voley, Natación, Fútbol",SIN DATOS,SIN DATOS,-32.33518,-60.02351,"Cancha Techada, Pileta Descubierta, cancha de tenis, Otros, Cancha de Fútbol, Cajon de arena"
CLUB DEPORTIVO Y CULTURAL HERNÁNDEZ,CLUB DEPORTIVO,3.0700134691E10,HERNÁNDEZ,NOGOYÁ,3.435419674E9,3.435491055E9,paholalopez49@gmail.com,FRANCISCO RAMÍREZ,567.0,,,,https://www.instagram.com/cdych.futbol/,,Fútbol,SIN DATOS,SIN DATOS,-32.3339572117193,-60.0245540754892,Cancha de Fútbol
CLUB DE PESCA Y REMO ROSARIO DEL TALA,CLUB DEPORTIVO,3.0707705635E10,ROSARIO DEL TALA,TALA,3.44542174E9,3.445432522E9,clubdepescayremo@gmail.com,RIO GUALEGUAY - PARQUE BALNEARIO DR. DELIO PANIZZA,S/N,,,,@clubdepescayremordt,https://www.facebook.com/p/Club-de-Pesca-y-Remo-Rosario-del-Tala-100066425843868/?locale=es_LA,"Náuticos, Pesca",SIN DATOS,SIN DATOS,-32.31034719173,-59.0774531084028,Otros
POLIDEPORTIVO JORGE MARIO GRIMAUX,POLIDEPORTIVO MUNICIPAL,SIN CUIT 032,ROSARIO DEL TALA,TALA,3445-422755 Deportes Municipal,3445453908 Celular Javier,municipalidadrosariodeltala@gmail.com,,,,Playón deportivo en Barrio Sagrada Familia - Centenario 311.,,https://www.instagram.com/direccion_de_deportes_rdt/?hl=es-la,https://www.facebook.com/deportes.rdt/,"Fútbol, Básquet, Voley, Atletismo",SI,SIN DATOS,-32.3050048981465,-59.1436874423274,"pista de atletismo, Cancha de Fútbol, cancha de basquet, Otros"
TIRO FEDERAL ROSARIO DEL TALA,CLUB DEPORTIVO,3.061971741E10,ROSARIO DEL TALA,TALA,3.445457236E9,3.445479966E9,turczakleo@yahoo.com.ar,OSCAR STETTLER,BOULEVAR BELGRANO,,,,,Tiro federal Rosario del Tala,"Tiro con Arco, tiro deportivo",SI,"ANCHO DE PASILLOS, SANITARIOS ACCESIBLES",-32.3030434382674,-59.128661991204,Otros
CENTRO DE SUBOFICIALES SANTA BARBARA,CLUB DEPORTIVO,3.0670952653E10,ROSARIO DEL TALA,TALA,3.445422348E9,3.445422313E9,jorgeomar-317@hotmail.com,ROQUE SÁENZ PEÑA,134.0,,,,,https://www.facebook.com/infantilescentrosuboficialessantabarbara/?locale=es_ES,Fútbol,SIN DATOS,SIN DATOS,-32.3003213639247,-59.1350312470229,
CENTRO SPORTIVO PEÑAROL,CLUB DEPORTIVO,3.0670952726E10,ROSARIO DEL TALA,TALA,3.445431813E9,3.434640235E9,alegargano@hotmail.com,ROQUE SAENZ PEÑA,300.0,,,,@prensacsp,https://www.facebook.com/prensacsp/?locale=es_LA,Básquet,SIN DATOS,NINGUNA,-32.2998155941381,-59.1396501912043,"cancha de basquet, Cancha Techada"
CLUB TALENSE,CLUB DEPORTIVO,3.0710515804E10,ROSARIO DEL TALA,TALA,3.445523777E9,3.445421556E9,club.talense@hotmail.com,ROQUE SAENZ PEÑA,328.0,,,,https://www.instagram.com/clubtalense/,https://www.facebook.com/p/Club-Talense-100069335961090/,"Tenis, padel",SIN DATOS,SIN DATOS,-32.2996927191213,-59.140468477713,"cancha de tenis, cancha de padel, SUM"
CLUB ATLETICO ROSARIO DEL TALA,CLUB DEPORTIVO,3.3708257929E10,ROSARIO DEL TALA,TALA,,,,9 DE JULIO,372.0,Cancha de futbol,"-32.30112685264257, -59.13142159982525",www.atleticotala.com.ar,,,"Fútbol, Básquet, OTROS",NO,"ACCESO ADECUADO, PUERTAS ACCESIBLES, ANCHO DE PASILLOS",-32.2982211154055,-59.1413983844801,"Cancha de Fútbol, cancha de basquet, Otros"
AERO CLUB COLÓN,CLUB DEPORTIVO,3.0670742152E10,COLÓN,COLÓN,3.447469056E9,3.44762541E9,nikolas_123_7@hotmail.com,EJIDO COLÓN,S/N,,,,,aeroclub COLÓN,Aviación,SIN DATOS,SIN DATOS,-32.26161,-58.1545,Otros
COLÓN RUGBY CLUB,CLUB DEPORTIVO,3.07155531E10,COLÓN,COLÓN,3.447432732E9,3.447436738E9,COLÓNrugbyclub@gmail.com,SERAPHIN DEGENEVE Y CALLE PUBLICA - EJIDO COLÓN,S/N,,,,@COLÓNrugbyclub,https://www.facebook.com/COLÓNrugbyclub/,Rugby,NO,"ACCESO ADECUADO, PUERTAS ACCESIBLES",-32.26007,-58.1529,"Cancha de Rugby, SUM"
CLUB SOCIAL Y DEPORTIVO ACHIRENSE,CLUB DEPORTIVO,3.0714246786E10,COLÓN,COLÓN,3.447421463E9,3.447400507E9,gabriel.delaloye@gmail.com,GÜEMES,200.0,,,,@achirenseok,https://www.facebook.com/achirenseok,Fútbol,SIN DATOS,SIN DATOS,-32.25033,-58.20873,Cancha de Fútbol
CLUB DE CAMPO LOS BRETES,CLUB DEPORTIVO,3.0709943614E10,COLÓN,COLÓN,3.447435543E9,,losbretes@losbretes.com.ar,"RUTA 135 KM 10.5, A PUENTE INTERNACIONAL GRAL. ARTIGAS, EJIDO",,,,www.losbretes.com.ar/,,https://www.facebook.com/losbretesclubdecampo/posts/1521657037968502,"Golf, Tenis, Náuticos",SIN DATOS,SIN DATOS,-32.24584,-58.13679,"Campo de Golf, SUM"
CLUB DEPORTIVO Y CULTURAL ARANGUREN,CLUB DEPORTIVO,3.0690501895E10,ARANGUREN,NOGOYÁ,3.435050685E9,3.436434575E9,deportesyturismo@aranguren.gob.ar,AVENIDA SAN MARTIN Y URANGA,500.0,,,,https://www.instagram.com/futbolculturalaranguren/,https://www.facebook.com/p/Club-Deportivo-Cultural-Aranguren-100064322783887/?locale=es_LA,Fútbol,SIN DATOS,SIN DATOS,-32.2441417115889,-60.1614456908386,"Cancha de Fútbol, Cancha Techada, SUM"
CLUB ATLETICO CAMPITO,CLUB DEPORTIVO,3.0670788594E10,COLÓN,COLÓN,3.442588936E9,3.447645973E9,valevulliez@gmail.com,ANDRADE,550.0,,,,@clubatleticocampito,https://www.facebook.com/clubatleticocampito,"Fútbol, Gimnasia Artística, Básquet",SIN DATOS,SIN DATOS,-32.2292,-58.1309,"Cancha de Fútbol, cancha de basquet"
CLUB DEFENSORES DE COLÓN,CLUB DEPORTIVO,3.0710572867E10,COLÓN,COLÓN,3.447647874E9,3.447424974E9,refrigvictor@hotmail.com,GRAL URQUIZA,850.0,,,,@clubdefensoresdeCOLÓN,https://www.facebook.com/p/Defensores-de-Col%C3%B3n-100063871186905/?locale=es_LA,"Fútbol, Boxeo",SIN DATOS,SIN DATOS,-32.22912,-58.14776,"Cancha de Fútbol, SUM"
SKATEPARK COLÓN,POLIDEPORTIVO MUNICIPAL,SIN CUIT 027,COLÓN,COLÓN,,,,,,,,,https://www.instagram.com/p/CkYNr29Nmfn/,,Deportes Urbanos,SIN DATOS,SIN DATOS,-32.2267156388585,-58.1324400441631,skatepark
ESCUELA MUNICIPAL DE 𝗠𝗨𝗔𝗬 𝗧𝗛𝗔𝗜,POLIDEPORTIVO MUNICIPAL,SIN CUIT 037,COLÓN,COLÓN,,,,,,,,,https://www.instagram.com/p/DA5uJ9ORirX/,,Artes Marciales/deportes de contacto,SIN DATOS,SIN DATOS,-32.2266131058375,-58.1487043316821,"Otros, SUM"
PARQUE DR HERMINIO J. QUIROS,POLIDEPORTIVO MUNICIPAL,SIN CUIT 065,COLÓN,COLÓN,,,,,,,,,https://www.instagram.com/muniCOLÓNer/?hl=en,https://www.facebook.com/muniCOLÓNer/?locale=es_LA,"Rugby, Básquet , Fútbol, Voley, Tenis",SIN DATOS,SIN DATOS,-32.2256395160608,-58.1333374999999,"Cancha de Fútbol, Cancha de Rugby, cancha de basquet, cancha de tenis, Otros"
CLUB PIEDRAS COLORADAS,CLUB DEPORTIVO,3.0670746972E10,COLÓN,COLÓN,3.447427192E9,3.447423548E9,lauraloker@hotmail.com,AVENIDA QUIROZ,S/N,,,www.clubpiedrascoloradas.com/,,https://www.facebook.com/ClubPiedrasColoradas/?locale=es_LA,Náuticos,SIN DATOS,SIN DATOS,-32.2231121638275,-58.1315748134911,"Otros, cancha de basquet, Cajon de arena"
CLUB SOCIAL LA ARMONIA,CLUB DEPORTIVO,3.0710504713E10,COLÓN,COLÓN,3.447411052E9,3.447649657E9,anaraffo34@hotmail.com / clubarmonia1934@outlook.com,BOLIVAR,498.0,,,,,https://www.facebook.com/people/Club-Social-La-Armonia,"Básquet , Voley, Artes Marciales/deportes de contacto",NO,"DÁRSENA DE LLEGADA, ESTACIONAMIENTOS ACCESIBLES, ACCESO ADECUADO, PUERTAS ACCESIBLES, ANCHO DE PASILLOS, ESCALERAS ACCESIBLES, RAMPAS, SANITARIOS ACCESIBLES, VESTUARIOS ACCESIBLES",-32.22219,-58.14284,"Cancha Techada, SUM, Otros"
JOCKEY CLUB COLÓN,CLUB DEPORTIVO,3.0534168256E10,COLÓN,COLÓN,3.447421318E9,3.447452165E9,garin_ruben@hotmail.com / jockeyclubCOLÓN@gmail.com,GRAL URQUIZA,282.0,,,www.jockeyclubCOLÓN-er.blogspot.com/,,JockeyclubCOLÓN,Hipismo,SIN DATOS,SIN DATOS,-32.222,-58.13794,"SUM, Otros"
CLUB ATLETICO LA UNION,CLUB DEPORTIVO,3.0670761432E10,COLÓN,COLÓN,3.447649461E9,3.447454238E9,ezegiraldi@hotmail.com,12 DE ABRIL,187.0,,,,@clublaunion,https://www.facebook.com/launiondeCOLÓN,Básquet,SIN DATOS,SIN DATOS,-32.22008,-58.13717,Cancha Techada
POLIDEPORTIVO MUNICIPAL SAN JOSE,POLIDEPORTIVO MUNICIPAL,SIN CUIT 001,SAN JOSÉ,COLÓN,3442 40-6187,,areadedeportes.sj@gmail.com,"Yapeyú & Av. Mitre, San José, Entre Ríos",,,,,,https://www.facebook.com/CoordinacionDeportesSanJose/,"Fútbol, Atletismo, Voley",SI,SIN DATOS,-32.217448307754,-58.2148043,"Cancha de Fútbol, Pileta Descubierta, Cancha Techada, pista de atletismo, SUM, cancha de basquet, Otros"
CLUB DEFENSORES COLONIA NUEVA - ASOCIACION CIVIL,CLUB DEPORTIVO,3.3716817739E10,SAN JOSÉ,COLÓN,,,,,,,,clubCOLÓNianueva.wixsite.com/COLÓNianueva,@COLÓNianueva,https://www.facebook.com/DfCOLÓNiaNueva/,Fútbol,SIN DATOS,SIN DATOS,-32.2166199054996,-58.2753661051308,Cancha de Fútbol
CLUB ATLETICO SAUCE,CLUB DEPORTIVO,3.3701843679E10,COLÓN,COLÓN,3.447497184E9,3.447423413E9,clubatleticosauce1951@hotmail.com,MAIPU,580.0,,,,@clubasauce/,https://www.facebook.com/profile.php?id=100063836982534&locale=es_LA,"Fútbol, Patinaje artístico, Voley, Boxeo",NO,"ACCESO ADECUADO, PUERTAS ACCESIBLES, ANCHO DE PASILLOS, SANITARIOS ACCESIBLES",-32.21463,-58.14855,"Cancha de Fútbol, Cancha Techada, Otros, Pileta Descubierta"
TIRO FEDERAL ARGENTINO DE VILLA SAN JOSÉ,CLUB DEPORTIVO,3.0670763419E10,SAN JOSÉ,COLÓN,3.447477409E9,3.447447899E9,tirofederalsanjose@gmail.com,LUIS CETTOUR,985.0,,,,@tirofederalsanjose,Tiro Federal SAN JOSÉ,"Tiro con Arco, tiro deportivo",SIN DATOS,SIN DATOS,-32.2116645475166,-58.2296617779107,Otros
CLUB SOCIAL Y DEPORTIVO SAN JOSÉ,CLUB DEPORTIVO,3.0670743906E10,SAN JOSÉ,COLÓN,3.447470037E9,3.447503464E9,braugonzalo@hotmail.com,44021.0,1837.0,,,,https://www.instagram.com/club.sanjose/,,"Voley, Fútbol, Básquet , Patinaje artístico, Rugby, padel, OTROS",SIN DATOS,SIN DATOS,-32.2109421990068,-58.2183628570022,"Cancha de Fútbol, Cancha Techada, cancha de basquet, SUM, pista de atletismo, Cancha de Rugby, cancha de padel, Otros, Cajon de arena"
CLUB SOCIAL Y DEPORTIVO ÑAPINDA,CLUB DEPORTIVO,3.0701844048E10,COLÓN,COLÓN,3.447514559E9,3.447514559E9,matialegre1989@gmail.com,3 DE FEBRERO Y BATALLA DE CEPEDA,S/N,,,,@elverdeoficial1951,Clun Ñapinda Oficial,"Hockey césped, Fútbol",NO,"ESTACIONAMIENTOS ACCESIBLES, ACCESO ADECUADO, PUERTAS ACCESIBLES, VESTUARIOS ACCESIBLES",-32.210664183596,-58.1462668,"Cancha de Fútbol, Cancha de Hockey, SUM, Cancha hockey cesped"
GOLF CLUB COLÓN,CLUB DEPORTIVO,3.0670774291E10,COLÓN,COLÓN,3.447403665E9,3.442467356E9,golfCOLÓN@yahoo.com.ar,SARMIENTO Y SABATTIER,S/N,,,,@COLÓNgolfclub/,https://www.facebook.com/golfclub.COLÓN,Golf,SIN DATOS,SIN DATOS,-32.20921,-58.15011,"Campo de Golf, SUM"
CLUB DEPORTIVO CALLE ANCHA,CLUB DEPORTIVO,3.0711512965E10,SAN JOSÉ,COLÓN,,,,,,,,,https://www.instagram.com/clubcalleancha/,https://www.facebook.com/profile.php?id=100090988114917&ref=_xav_ig_profile_page_web#,Fútbol,SIN DATOS,SIN DATOS,-32.2091325616655,-58.2662082576725,Cancha de Fútbol
CICLE CLUB COLÓN,CLUB DEPORTIVO,3.0711500509E10,COLÓN,COLÓN,3.447422687E9,3.447552494E9,claudiacettour@hotmail.com,"RUTA EX 26 KM 2,5",S/N,,,,@ciclemxCOLÓN,https://www.facebook.com/mx.sanjose,Ciclismo,SIN DATOS,SIN DATOS,-32.20744,-58.16198,Otros
CLUB SOCIAL Y DEPORTIVO SANTA ROSA,CLUB DEPORTIVO,3.0670754924E10,SAN JOSÉ,COLÓN,3.447471364E9,3.447643349E9,club.santarosa@outlook.com,AVENIDA MITRE,1890.0,,,,@clubsocialydeportivosantarosa,https://www.facebook.com/CSyDSantaRosa/?locale=es_LA,"Fútbol, Hockey césped, Voley, Artes Marciales/deportes de contacto",SIN DATOS,SIN DATOS,-32.2048807095146,-58.2186556971976,"Cancha de Fútbol, Cancha Techada, SUM"
CLUB COSTA DEL URUGUAY,CLUB DEPORTIVO,3.0714171212E10,SAN JOSÉ,COLÓN,3.44742479E9,3.447426042E9,d.elenabatriz@yahoo.com.ar,LA PLAZA,1369.0,,,,,,Fútbol,SIN DATOS,SIN DATOS,-32.203,-58.16607,Cancha de Fútbol
"CLUB SOCIAL Y DEPORTIVO ""EL ESPINILLO""",CLUB DEPORTIVO,3.3712389139E10,SAN JOSÉ,COLÓN,3.447471932E9,3.447433865E9,estudiovarona@gmail.com,ANCHA Y PASITO DE LAS PIEDRAS - COLONIA NUEVA AL NORTE,0.0,,,,,https://www.facebook.com/p/Club-Social-y-Deportivo-El-Espinillo-100025949184350/?locale=es_LA,Fútbol,SIN DATOS,SIN DATOS,-32.1963454288429,-58.2728599632108,Cancha de Fútbol
CLUB ATLETICO LIVERPOOL,CLUB DEPORTIVO,3.0710230516E10,SAN JOSÉ,COLÓN,3.447477579E9,3.447418609E9,paerquin@hotmail.com,DR.MIGUEL BARD Y PRES.PERON,S/N,,,,,https://www.facebook.com/p/Club-Atl%C3%A9tico-Liverpool-100065685061364/?locale=es_LA,"Fútbol, OTROS, Voley, Bochas",SIN DATOS,SIN DATOS,-32.1806703451007,-58.2106586576725,"Cancha de Fútbol, SUM"
CLUB DEPORTIVO NOBLEZA,CLUB DEPORTIVO,3.0709819697E10,GENERAL RAMÍREZ,DIAMANTE,3.43490161E9,3.434150979E9,claudiomantovani7@hotmail.com,MORENO,755.0,,,,,https://www.facebook.com/p/Club-Deportivo-Nobleza-P%C3%A1gina-Oficial-100058790091854/,"Fútbol, Artes Marciales/deportes de contacto",NO,"ACCESO ADECUADO, PUERTAS ACCESIBLES, ANCHO DE PASILLOS, RAMPAS",-32.1800261418728,-60.2012715662728,"Cancha de Fútbol, SUM, Cancha Techada, cancha de bochas"
CLUB ATLETICO Y DEPORTIVO ROMA,CLUB DEPORTIVO,3.3700135069E10,GENERAL RAMÍREZ,DIAMANTE,3.434901617E9,3.434901027E9,pablo_dieci@hotmail.com,URQUIZA,563.0,,,,,Club Atletico y Deportivo Roma,Fútbol,SIN DATOS,SIN DATOS,-32.1800062200088,-60.1974969509013,"Cancha de Fútbol, SUM"
CLUB DEPORTIVO EL PORVENIR,CLUB DEPORTIVO,3.0708427035E10,SANTA ANITA,URUGUAY,3.445437393E9,3.445453227E9,ramiroamavet@hotmail.com,SOBERANIA,248.0,,,,https://www.instagram.com/el_porve_santaanita/,https://www.facebook.com/profile.php?id=100009007458675&locale=es_LA,"Fútbol, padel, Natación",SIN DATOS,SIN DATOS,-32.1774647796303,-58.7784981177385,"Cancha de Fútbol, Pileta Descubierta, cancha de padel, SUM"
CENTRO DEPORTIVO Y CULTURAL BELGRANO,CLUB DEPORTIVO,3.071633424E10,MACIÁ,TALA,4.45531818E8,3.43511634E9,beltranvallejo@yahoo.com.ar,GUALEGUAYCHÚ,447.0,,,,,https://www.facebook.com/elbelgranodemacia/?locale=es_LA,"Bochas, Voley",SIN DATOS,SIN DATOS,-32.1749884302505,-59.3974224782744,"SUM, cancha de bochas, Cancha Techada"
CLUB ATLETICO RACING,CLUB DEPORTIVO,3.0681034575E10,GENERAL RAMÍREZ,DIAMANTE,3.436233286E9,3.434901088E9,markelneumaticos@yahoo.com.ar,AVENIDA SAN MARTIN Y LIBERTADOR,0.0,,,,,Club Atlético Racing (Gral. Ramírez),"Tenis, Pelota paleta",SIN DATOS,SIN DATOS,-32.1745174225587,-60.1972624668081,"cancha de tenis, cancha de pelota"
CLUB ATLETICO MACIA,CLUB DEPORTIVO,3.0670940337E10,MACIÁ,TALA,3.445454363E9,3.445455459E9,cotyfischer@gmail.com,GUALEGUAYCHÚ,661.0,,,,@atleticomacia,https://www.facebook.com/p/Club-Atl%C3%A9tico-Maci%C3%A1-100063975163264/,"Fútbol, Patinaje artístico",SIN DATOS,SIN DATOS,-32.173361,-59.394176,"Cancha de Fútbol, Otros"
POLIDEPORTIVO MUNICIPAL RAMIREZ,POLIDEPORTIVO MUNICIPAL,SIN CUIT 088,GENERAL RAMÍREZ,DIAMANTE,,,,,,,,,,,"Fútbol, Atletismo, Voley, Básquet, Fitness, Natación, Pelota paleta",SIN DATOS,SIN DATOS,-32.1723372079049,-60.2041057509252,"pista de atletismo, Cancha de Fútbol, Pileta Descubierta, cancha de tenis, Otros, Cancha Techada, cancha de basquet, cancha de pelota, SUM, Cajon de arena"
CENTRO DEPORTIVO Y DEFENSORES DE MARTIN FIERRO,CLUB DEPORTIVO,3.0708170425E10,MACIÁ,TALA,3.435450251E9,3.435450251E9,fabicalero1980@gmail.com,GUALEGUAYCHÚ,737.0,,,,@cddmfoficial/,https://www.facebook.com/p/Club-Mart%C3%ADn-Fierro-100063469640410/?locale=es_LA&_rdr,Fútbol,SIN DATOS,SIN DATOS,-32.1719822745504,-59.3978197128373,SUM
JOCKEY CLUB VILLA ELISA,CLUB DEPORTIVO,3.0670821974E10,VILLA ELISA,COLÓN,3.447480064E9,,jockeyclubve@gmail.com,DR. GUTIERREZ,1444.0,,,,@jockeyclubvillaelisa,https://www.facebook.com/p/Jockey-Club-Villa-Elisa-100070889319559/,Hipismo,SIN DATOS,SIN DATOS,-32.1688457472513,-58.4041797158825,Otros
ASOCIACION CICLISTA DE GENERAL RAMÍREZ ROBERTO BREPPE,CLUB DEPORTIVO,3.0714544825E10,GENERAL RAMÍREZ,DIAMANTE,3.624298563E9,3.434284675E9,ciclismoramirez@gmail.com,CORRIENTES,226.0,,,,https://www.instagram.com/ciclismoramirez2020/,https://www.facebook.com/ciclismoramirez,Ciclismo,SIN DATOS,SIN DATOS,-32.1685636016074,-60.1970733623039,
POLIDEPORTIVO MUNICIPAL VILLA ELISA,POLIDEPORTIVO MUNICIPAL,SIN CUIT 089,VILLA ELISA,COLÓN,3.447433005E9,,rodolfoorcellet@gmail.com,Boulevard Churruarín y Héctor de Elía,,,,https://sanjose.tur.ar/event-location/polideportivo-municipal-villa-elisa/,,,"Natación, Hockey césped, Atletismo, Fútbol, Tenis, Básquet",SI,SIN DATOS,-32.1678019969618,-58.3977326146813,"Cancha de Hockey, Cancha de Fútbol, Pileta Techada, cancha de tenis, Cancha Techada, pista de atletismo, Cancha hockey cesped"
CLUB ATLETICO UNIDOS,CLUB DEPORTIVO,3.0710934335E10,PUEBLO LIEBIG,COLÓN,3.447546268E9,3.447640375E9,fabitopr87@hotmail.com,PROGRESO,S/N,,,,@clubatleticounidos1925,,"Fútbol, Bochas, Voley",SIN DATOS,SIN DATOS,-32.1642628733325,-58.2038586913437,"Cancha de Fútbol, cancha de bochas, Cancha Techada"
CLUB PROGRESO VILLA ELISA,CLUB DEPORTIVO,3.0676755777E10,VILLA ELISA,COLÓN,3.447480499E9,3.44748165E9,estudiocontablevillaelisa@gmail.com,AVDA MITRE,1516.0,,,www.tenisclubprogreso.com.ar/,@tenis.club.progreso,https://www.facebook.com/groups/380240428681911/?locale=es_LA,Tenis,SIN DATOS,SIN DATOS,-32.1622217773605,-58.3989806294582,"cancha de tenis, SUM"
CLUB LIEBIG,CLUB DEPORTIVO,3.0710198256E10,PUEBLO LIEBIG,COLÓN,3.447640273E9,1.136593055E9,clubliebig1904@gmail.com,GABRIEL IBARRA,S/N,,,,@clubliebig.oficial,,"Fútbol, Bochas",SIN DATOS,SIN DATOS,-32.1588062343247,-58.1966196576725,"Cancha de Fútbol, SUM, cancha de bochas"
CLUB RECREATIVO SAN JORGE,CLUB DEPORTIVO,3.0670755467E10,VILLA ELISA,COLÓN,3.447480604E9,3.447480441E9,sanjorgevillaelisa@gmail.com,A. IRUNGARAY Y ESTRADA,1502.0,,,www.clubrecreativosanjorge.com.ar/,@clubrecreativosanjorge,https://www.facebook.com/clubrecreativosanjorge.ve/?locale=es_LA,"Fútbol, Patinaje artístico, Hockey césped",SIN DATOS,SIN DATOS,-32.1576085199866,-58.3963357068224,"Cancha de Fútbol, SUM"
CLUB ATLETICO VILLA ELISA,CLUB DEPORTIVO,3.0670754304E10,VILLA ELISA,COLÓN,3.44748026E9,3.447415273E9,clubatleticove@hotmail.com,EMILIO FRANCOU,1190.0,,,,@cavefutbolmayor,https://www.facebook.com/CAVE1927/?locale=es_LA,"Básquet, Fútbol, padel",SIN DATOS,SIN DATOS,-32.1569567724546,-58.3981191515297,"Cancha de Fútbol, cancha de basquet, Cancha Techada, cancha de padel"
CLUB DE PESCADORES FABRICA COLÓN,CLUB DEPORTIVO,3.0567894165E10,PUEBLO LIEBIG,COLÓN,3.447492068E9,3.447549822E9,clubpescadores_lie@hotmail.com,IRIDES MOREN,S/N,,,www.COLÓNturismo.tur.ar/directorio/club-de-pescadores-fabrica-COLÓN/,@clubpescadoresliebig,https://www.facebook.com/clubpescadores.liebig/?locale=es_LA,Pesca,SIN DATOS,SIN DATOS,-32.150376268092,-58.1894905460277,Otros
CLUB SOCIAL Y DEPORTIVO HURACAN,CLUB DEPORTIVO,SIN CUIT 066,HOCKER,COLÓN,3.447644068E9,,,CALLE PUBLICA,S/N,,,,,https://www.facebook.com/huracan.victoria.1?locale=es_LA,Fútbol,SIN DATOS,SIN DATOS,-32.0860290049061,-58.3425287089029,Cancha de Fútbol
CLUB RECREATIVO LIBERTADOR,CLUB DEPORTIVO,3.0681088586E10,LIBERTADOR SAN MARTÍN,DIAMANTE,3.434256977E9,3.434522978E9,clubrecreativolsm@gmail.com,EJIDO / Lib. San Martín,S/N,,,,https://www.instagram.com/clubrecreativolibertador/?hl=es,,"Fútbol, Hockey césped, Voley, Patinaje artístico",SIN DATOS,SIN DATOS,-32.078340367567,-60.4553888844891,"Cancha de Fútbol, Cancha de Hockey, Cancha hockey cesped"
CLUB DEFENSORES DE BELGRANO,CLUB DEPORTIVO,3.0715032135E10,DIAMANTE,DIAMANTE,3.43498405E9,3.434509872E9,gdonvilla@yahoo.com.ar,SARMIENTO Y RIVADAVIA,S/N,,,,,https://www.facebook.com/profile.php?id=100057636813283&locale=es_LA,Fútbol,SIN DATOS,SIN DATOS,-32.0748580063205,-60.6203364257142,"Cancha de Fútbol, SUM"
CLUB ATLETICO HURACAN DE DIAMANTE,CLUB DEPORTIVO,3.0681047715E10,DIAMANTE,DIAMANTE,3.434981914E9,3.43438577E9,deportediamante@hotmail.com,ANDRADE Y 20 DE JUNIO,0.0,,,,https://www.instagram.com/huracandiamantee/,,"Fútbol, Natación, Fitness",SIN DATOS,SIN DATOS,-32.0742905491076,-60.633901543505,"Cancha de Fútbol, Pileta Descubierta, cancha de basquet, SUM"
TIRO FEDERAL ARGENTINO DIAMANTE,CLUB DEPORTIVO,3.0671173143E10,DIAMANTE,DIAMANTE,3.436237235E9,3.434511988E9,tirodiamante@gmail.com,SOLDADO DE MALVINAS ENTRE ALEM Y BROWN,S/N,,,,,https://www.facebook.com/people/Tiro-federal-diamante/100063327214057/,"Tiro con Arco, tiro deportivo",SIN DATOS,SIN DATOS,-32.0739719807318,-60.6444380919756,Otros
SKATEPARK 52,POLIDEPORTIVO MUNICIPAL,SIN CUIT 020,DIAMANTE,DIAMANTE,,,,ALMTE BROWN ESQ LA RIOJA,,,,,https://www.instagram.com/skul.52.escueladeskate/,,Deportes Urbanos,SIN DATOS,SIN DATOS,-32.0724359422696,-60.6450411658058,skatepark
ASOCIACIÓN COLEGIO ADVENTISTA DEL PLATA,CLUB DEPORTIVO,3.0529371477E10,LIBERTADOR SAN MARTÍN,DIAMANTE,,,,,,,,,https://www.instagram.com/recreacionuap/,https://www.facebook.com/uapargentina/?locale=es_LA,"Fútbol, Natación, Voley, Básquet, Futsal",SIN DATOS,SIN DATOS,-32.07237,-60.46891,"Pileta Techada, Cancha de Fútbol, pista de atletismo, cancha de tenis, Cancha Techada"
CLUB DEPORTIVO ATLÉTICO Y SOCIAL SAN MARTÍN,CLUB DEPORTIVO,3.0681047332E10,DIAMANTE,DIAMANTE,3.434983264E9,3.434574196E9,romina_pittavino@hotmail.com,ANDRADE Y VALENTIN VERGARA,S/N,,,https://futbolfundaciones.wordpress.com/club-atletico-social-y-deportivo-san-martin-er/,,,Fútbol,SIN DATOS,SIN DATOS,-32.0723491178297,-60.6419816642232,Cancha de Fútbol
CLUB DEPORTIVO PUERTO NUEVO,CLUB DEPORTIVO,3.0690483048E10,DIAMANTE,DIAMANTE,3.436225396E9,3.434623781E10,clubdeportivopuertonuevodte@gmail.com,ANDRADE Y SAN MARTIN,0.0,,,,https://www.instagram.com/estoespuerto/,,Fútbol,SIN DATOS,SIN DATOS,-32.0719172761451,-60.6434568791374,Cancha de Fútbol
CIRCULO NAUTICO DIAMANTE,CLUB DEPORTIVO,3.0690522914E10,DIAMANTE,DIAMANTE,3.436215641E9,3.434716582E9,nauticodiamante@hotmail.com,ECHAGUE,386.0,,,,https://www.instagram.com/circulonau/?hl=es,https://www.facebook.com/p/C%C3%ADrculo-N%C3%A1utico-Diamante-100064731817013/?locale=es_LA,"Natación, Fitness, Náuticos, Patinaje artístico, Rugby, padel",SIN DATOS,"PUERTAS ACCESIBLES, ANCHO DE PASILLOS",-32.0669820857957,-60.6440316595265,"Pileta Techada, Gimnasio, cancha de tenis, cancha de padel, Cancha de Rugby"
CLUB FERROCARRIL DEL ESTE,CLUB DEPORTIVO,3.0671208265E10,DIAMANTE,DIAMANTE,3.434984141E9,3.434574057E9,clubferrodiamante@gmail.com,,,,,,,https://www.facebook.com/profile.php?id=100057261617472&locale=es_LA,"Voley, Patinaje artístico, Pelota paleta, Bochas, Gimnasia Artística",SIN DATOS,SIN DATOS,-32.0656105644304,-60.6436398054844,"Cancha Techada, cancha de pelota, cancha de bochas, SUM"
SKATEPARK LIBERTADOR SAN MARTÍN,POLIDEPORTIVO MUNICIPAL,SIN CUIT 015,LIBERTADOR SAN MARTÍN,DIAMANTE,,,,,,,,,,,Deportes Urbanos,SIN DATOS,SIN DATOS,-32.0653834332628,-60.4592434496146,skatepark
POLIEPORTIVO BICENTENARIO,POLIDEPORTIVO MUNICIPAL,SIN CUIT 091,LIBERTADOR SAN MARTÍN,DIAMANTE,,,,,,,,,,,"Fútbol, Básquet",SIN DATOS,SIN DATOS,-32.0652034503992,-60.4590555146721,"pista de atletismo, Cancha de Fútbol, Otros, cancha de basquet, Cajon de arena"
SOCIEDAD ESPAÑOLA DE SOCORROS MUTUOS (PARQUE ESPAÑA),CLUB DEPORTIVO,3.0649951558E10,DIAMANTE,DIAMANTE,3.43480031E9,,hilarioschunck@hotmail.com,SARMIENTO ENTRE ESPAÑA Y COLÓN,0.0,,,,,https://www.facebook.com/p/Sociedad-espa%C3%B1ola-de-socorros-mutuos-diamante-100066926754249/?_rdr,Tenis,SIN DATOS,SIN DATOS,-32.063962139573,-60.6349632551854,"cancha de tenis, SUM"
CLUB ATLETICO DIAMANTINO,CLUB DEPORTIVO,3.0634221936E10,DIAMANTE,DIAMANTE,3.434983462E9,3.4362074E9,robertogaltuna@gmail.com,43976.0,31.0,,,,,,"Fútbol, Voley, Básquet , Pelota paleta, Handball, Hockey césped, Natación, Deportes Urbanos, Artes Marciales",SIN DATOS,SIN DATOS,-32.0627269444323,-60.637179958856,"Cancha de Fútbol, cancha de basquet, Cancha Techada, Pileta Descubierta, SUM, cancha de pelota, Otros, Cajon de arena"
CLUB ATLETICO VAZQUEZ,CLUB DEPORTIVO,3.071418691E10,VILLA ELISA,COLÓN,3.447507027E9,3.447491566E9,clubatleticovazquez@gmail.com,RUTA 23 KM 8,0.0,,,,@futbol_club_vazquez,https://www.facebook.com/ClubVazquez/,"Fútbol, Bochas",SIN DATOS,SIN DATOS,-32.0618711329002,-58.4059629835631,"Cancha de Fútbol, cancha de bochas, SUM"
CENTRO CULTURAL STROBEL,CLUB DEPORTIVO,3.0715694251E10,DIAMANTE,DIAMANTE,4991354.0,,centroculturalstrobel@hotmail.com,PARANÁ,461.0,,,,https://www.instagram.com/centro_cultural_strobel/,,,SIN DATOS,SIN DATOS,-32.0548704359312,-60.6128627042691,SUM
CLUB ATLETICO DEPORTIVO Y SOCIAL STROBEL,CLUB DEPORTIVO,3.0708982462E10,DIAMANTE,DIAMANTE,3.434619449E9,,josvillanueva@afip.gob.ar,AV SAN MARTIN Y URUGUAY,0.0,,,,https://www.instagram.com/cadysstrobel.oficial/,https://www.facebook.com/people/Club-Atl%C3%A9tico-Deportivo-y-Social-Strobel/100063910453416/,Fútbol,SIN DATOS,SIN DATOS,-32.0536530055471,-60.6158955165203,"SUM, Cancha Techada, Cancha de Fútbol"
CLUB DEPORTIVO CULTURAL Y SOCIAL PUIGGARI,CLUB DEPORTIVO,3.0707859918E10,LIBERTADOR SAN MARTÍN,DIAMANTE,3.434911638E9,3.436337189E9,mariela4172@gmail.com,BVAR LOS PIONEROS,,,,,https://www.instagram.com/cultural_puiggari/,https://www.facebook.com/futbolcultural/?locale=es_LA,Fútbol,SIN DATOS,SIN DATOS,-32.0536219770538,-60.4482713773574,Cancha de Fútbol
CLUB ATLETICO SARMIENTO,CLUB DEPORTIVO,3.070014646E10,CRESPO,PARANÁ CAMPAÑA,3.434950156E9,3.43504648E9,clubatleticosarmientocrespo@hotmail.com,AVELLANEDA,1295.0,,,www.clubatleticosarmiento.com/,@sarmientodecrespo,https://www.facebook.com/sarmiento.decrespo/?locale=es_LA,"Fútbol, Patinaje artístico, Hockey césped, Voley, OTROS, Gimnasia Artística",NO,"ACCESO ADECUADO, PUERTAS ACCESIBLES",-32.0374524899339,-60.3034236514346,"Cancha de Fútbol, Cancha Techada, SUM, cancha de basquet"
ASOCIACIÓN DEPORTIVA Y CULTURAL,CLUB DEPORTIVO,3.068111988E10,CRESPO,PARANÁ CAMPAÑA,3.434952556E9,3.43501141E9,secretaria@adycweb.com,RIVADAVIA,2050.0,,,,@culturaldecrespo/,https://www.facebook.com/SoloADyC/?locale=es_LA,"Fútbol, Otros, Natación, Pelota paleta, Rugby, Tenis, Ciclismo, Patinaje artístico",SIN DATOS,SIN DATOS,-32.0371892192476,-60.3187777116432,"Cancha Techada, SUM, Otros, cancha de tenis, Cancha de Fútbol, cancha de pelota, cancha de padel, Cancha de Rugby, Pileta Descubierta"
CENTRO RECREATIVO Y CULTURAL FERROVIARIO,CLUB DEPORTIVO,3.0711359172E10,CRESPO,PARANÁ CAMPAÑA,3.434954652E9,3.434465371E10,vanini_ta80@hotmail.com,,1121.0,,,,@clubferrocrespo,https://www.facebook.com/CRyCF/?locale=es_LA,Bochas,SIN DATOS,SIN DATOS,-32.0348254381694,-60.3050494024539,cancha de bochas
CAMPO DE DEPORTES YAPEYÚ,POLIDEPORTIVO MUNICIPAL,SIN CUIT 075,CRESPO,PARANÁ CAMPAÑA,,,,3 de Febrero,S/N,,,,,,Atletismo,SIN DATOS,SIN DATOS,-32.0334960015785,-60.3049052906397,pista de atletismo
CLUB ATLETICO UNION DE CRESPO,CLUB DEPORTIVO,3.0681117047E10,CRESPO,PARANÁ CAMPAÑA,3.43612505E9,3.434951718E9,clubuniondecrespo@yahoo.com.ar,AMERICA,1444.0,,,www.clubuniondecrespo.com/,@uniondecrespo,https://www.facebook.com/clubuniondecrespo/?locale=es_LA,"Fútbol, Básquet, Hockey sobre patines, Artes Marciales/deportes de contacto, Gimnasia Artística, Rugby, Patinaje artístico, Boxeo",SIN DATOS,SIN DATOS,-32.0295521396687,-60.3167019551658,"Cancha de Fútbol, Cancha Techada, Cancha de Hockey, cancha de tenis, Pileta Descubierta, Gimnasio"
CLUB AMIGOS DEL CICLISMO DE CRESPO,CLUB DEPORTIVO,3.0711499764E10,CRESPO,PARANÁ CAMPAÑA,3.434951252E9,3.434175398E9,polakybu@hotmail.com,AVENIDA BELGRANO,1199.0,,,,@ciclismocrespo,https://www.facebook.com/clubamigosdel.ciclismocrespo/?locale=es_LA,"Ciclismo, OTROS",SIN DATOS,SIN DATOS,-32.0171926050463,-60.3015331686585,SUM
CLUB ATLETICO VALLE MARÍA,CLUB DEPORTIVO,3.0700133911E10,VALLE MARÍA,DIAMANTE,3.434999308E9,3.434999361E9,ldsoko@yahoo.com.ar,LOS CEIBOS,201.0,,,,,,Fútbol,SIN DATOS,SIN DATOS,-31.9985768246722,-60.5889230588541,Cancha de Fútbol
CLUB SPORTIVO GENERAL RACEDO,CLUB DEPORTIVO,3.0717103447E10,GENERAL RACEDO,DIAMANTE,3.434876044E9,,,JUAREZ CELMAN Y URANGA 0,,,,,,https://www.facebook.com/profile.php?id=100057089064347#,Fútbol,SIN DATOS,PUERTAS ACCESIBLES,-31.9864948725083,-60.4107090564131,Cancha de Fútbol
CLUB ATLETICO LIBERTAD,CLUB DEPORTIVO,3.0712096787E10,VILLA DOMÍNGUEZ,VILLAGUAY,3.455467406E9,3.455435506E9,clubtleticolibertaddominguez@gmail.com,BARON HIRSICH,,,,,,https://www.facebook.com/clubatleticolibertaddominguez/?locale=es_LA,Fútbol,SIN DATOS,SIN DATOS,-31.979651861303,-58.9691694757965,Cancha de Fútbol
ASOCIACIÓN CIVIL CLUB ATLÉTICO SAN RAFAEL,CLUB DEPORTIVO,3.071687404E10,ALDEA SAN RAFAEL,PARANÁ CAMPAÑA,,,,CALLE PÚBLICA,S/N,,,,@clubasanrafael/,https://www.facebook.com/p/Club-Atl%C3%A9tico-San-Rafael-100057522516890/,Fútbol,SIN DATOS,SIN DATOS,-31.96104,-60.25408,Cancha de Fútbol
SKATEPARK SEGUI,POLIDEPORTIVO MUNICIPAL,SIN CUIT 008,SEGUÍ,PARANÁ CAMPAÑA,,,,,,,,,,,Deportes Urbanos,SIN DATOS,SIN DATOS,-31.9598251770586,-60.1228929091437,skatepark
SEGUI FOOT BALL CLUB,CLUB DEPORTIVO,3.0690473492E10,SEGUÍ,PARANÁ CAMPAÑA,3.434880343E9,3.435325188E9,elaurinegrodesegui@gmail.com,INDEPENDENCIA,550.0,,,,,,"padel, Fútbol",NO,"ACCESO ADECUADO, PUERTAS ACCESIBLES, ANCHO DE PASILLOS",-31.95965,-60.12593,"cancha de padel, Cancha de Fútbol, SUM"
CLUB DEPORTIVO ATALAYA,CLUB DEPORTIVO,3.0714556777E10,INGENIERO SAJAROFF,VILLAGUAY,3.455437648E9,3.455432672E9,kaku_dr@hotmail.com,CARLOS FUERTES Y 17 DE AGOSTO,S/N,,,,@deportivo.atalaya,https://www.facebook.com/p/Club-Deportivo-Atalaya-100063563293915/?locale=es_LA,Fútbol,SIN DATOS,SIN DATOS,-31.95769,-58.8459,Cancha de Fútbol
CLUB ATLETICO CAÑADITA CENTRAL,CLUB DEPORTIVO,3.0690495984E10,SEGUÍ,PARANÁ CAMPAÑA,3.434711719E9,3.434475143E9,clubatleticocaniaditacentral@gmail.com,AV. PRESIDENTE PERON,906.0,,,,https://www.instagram.com/el_tricolor_c.a.c.c/?hl=es,https://www.facebook.com/Seguinforma/photos/-el-club-atl%C3%A9tico-ca%C3%B1adita-central-acompa%C3%B1a-en-este-dif%C3%ADcil-momento-ante-la-p%C3%A9rd/1304067215059860/,"Fútbol, Voley",SIN DATOS,SIN DATOS,-31.9527913027238,-60.130936777733,"Cancha de Fútbol, SUM, Otros, Cajon de arena"
CLUB ATLÉTICO JUVENTUD UNIDA SPATZENKUTTER,CLUB DEPORTIVO,SIN CUIT 011,ALDEA SPATZENKUTTER,DIAMANTE,,,,CALLE PÚBLICA,,,,,https://www.instagram.com/club_atletico_juventud_unida/,https://www.facebook.com/caju.spatzenkutter/,Fútbol,SIN DATOS,SIN DATOS,-31.9479415885649,-60.5806303116435,"Cancha de Fútbol, SUM"
CLUB ATLÉTICO EL FORTIN,CLUB DEPORTIVO,3.0710268408E10,GOBERNADOR ETCHEVEHERE,PARANÁ CAMPAÑA,3.434734258E9,3.434679891E9,elfortindelasdelicias@gmail.com,AVENIDA LAS DELICIAS,S/N,,,,https://www.instagram.com/elfortinlasdelicias/,https://www.facebook.com/p/Club-Atl%C3%A9tico-El-Fort%C3%ADn-100064063809150/,Fútbol,SIN DATOS,SIN DATOS,-31.9338735934938,-60.4261580319447,Cancha de Fútbol
CLUB SOCIAL Y DEPORTIVO GENERAL URQUIZA DE VILLA FONTANA,CLUB DEPORTIVO,3.0714462195E10,VILLA FONTANA,PARANÁ CAMPAÑA,3.43474601E9,3.43464031E8,loregareis@hotmail.com.ar,,,,,,,https://www.facebook.com/profile.php?id=100057405281971,Fútbol,SIN DATOS,SIN DATOS,-31.90363,-60.47467,Cancha de Fútbol
CLUB ATLÉTICO SAN JOSÉ,CLUB DEPORTIVO,3.071073761E10,ALDEA BRASILERA,DIAMANTE,3.434488666E9,3.435001156E9,monicaschvindt@outlook.com,PRESIDENTE PERON Y ALVEAR,0.0,,,,@club_a._sanjose,,Fútbol,NO,ACCESO ADECUADO,-31.88881,-60.58753,"Cancha de Fútbol, Otros"
CLUB ATLETICO DEPORTIVO VILLAGUAY,CLUB DEPORTIVO,3.0707070052E10,VILLAGUAY,VILLAGUAY,3.455424261E9,,juanjo22@outlook.com,FEDERACIÓN Y FEDERICK,601.0,,,,@deportivovillaguay,https://www.facebook.com/deportivovillaguay.entrerios/,"Voley, Fútbol, Bochas",SIN DATOS,SIN DATOS,-31.8755005603891,-59.0343904183815,"Cancha de Fútbol, Cancha Techada, cancha de bochas"
CLUB ATLETICO BARRIO SUD,CLUB DEPORTIVO,3.3688750399E10,VILLAGUAY,VILLAGUAY,3.455421275E9,3.43405475E9,alvareza2010@gmail.com,SAAVEDRA Y CASEROS,1.0,,,,@barriosudoficial,https://www.facebook.com/p/Club-Atl%C3%A9tico-Barrio-Sud-Oficial-61555681239987/,"Patinaje artístico, Voley, Bochas, Boxeo, Básquet",SIN DATOS,SIN DATOS,-31.8697906806638,-59.0262264966223,"Cancha Techada, SUM"
CLUB ATLETICO PARQUE,CLUB DEPORTIVO,3.0670900866E10,VILLAGUAY,VILLAGUAY,3.455421929E9,3.4554076E9,lazza1959@hotmail.com,ESTRADA,136.0,,,,@basquetcap,https://www.facebook.com/ClubAtleticoParque/?locale=es_LA,"Básquet , Rugby, Fútbol, Hockey césped",SIN DATOS,SIN DATOS,-31.8697275806538,-59.0330715686585,"Cancha de Rugby, cancha de basquet, Cancha de Fútbol, Cancha de Hockey, Cancha Techada, Cancha hockey cesped"
POLIDEPORTIVO MUNICIPAL DE VIALE,POLIDEPORTIVO MUNICIPAL,SIN CUIT 004,VIALE,PARANÁ CAMPAÑA,3.434920011E9,,municipalidad@viale.gob.ar,,,Polideportivo Municipal de Viale,,www.viale.gob.ar/,,,Natación,SIN DATOS,SIN DATOS,-31.86763,-60.01575,"Pileta Techada, Otros, SUM, pista de atletismo, Cajon de arena"
CLUB DEPORTIVO BARU,CLUB DEPORTIVO,3.0714590681E10,ARROYO BARÚ,COLÓN,3.447511743E9,,claudio.gallo@live.com.ar,M. LUCHESSI,3269.0,,,,@deportivobaru,https://www.facebook.com/Barudeportes,Fútbol,SIN DATOS,SIN DATOS,-31.86581,-58.44977,Cancha de Fútbol
JOCKEY CLUB VILLAGUAY,CLUB DEPORTIVO,3.0533553938E10,VILLAGUAY,VILLAGUAY,3.455420258E9,3.455406602E9,correiadomingofrancisco@hotmail.com,DORREGO,332.0,,,,@turfvillaguay,Jockey Club Villaguay,Hipismo,SIN DATOS,SIN DATOS,-31.8657794714813,-59.0153155342715,Otros
CLUB ATLÉTICO ARSENAL,CLUB DEPORTIVO,3.0671204758E10,VIALE,PARANÁ CAMPAÑA,3.434669465E9,3.43456167E9,maxi_sione@hotmail.com.ar,SANTA FE Y ALMIRANTE BROWN,S/N,,,,,,Fútbol,NO,"DÁRSENA DE LLEGADA, PUERTAS ACCESIBLES, ANCHO DE PASILLOS",-31.86551,-60.01253,Cancha de Fútbol
VIALE FOOT BALL CLUB,CLUB DEPORTIVO,3.0589128474E10,VIALE,PARANÁ CAMPAÑA,3.434920201E9,3.456616934E9,soniabadaracco99@yahoo.com.ar,43976.0,1239.0,,,,,,"Fútbol, Básquet, padel, Gimnasia Artística",NO,"ACCESO ADECUADO, PUERTAS ACCESIBLES, ANCHO DE PASILLOS, SANITARIOS ACCESIBLES",-31.86445,-60.00394,"Cancha de Fútbol, Cancha Techada, cancha de basquet"
POLIDEPORTIVO MUNICIPAL DE VILLAGUAY,POLIDEPORTIVO MUNICIPAL,SIN CUIT 029,VILLAGUAY,VILLAGUAY,,,,SOLIS Y MOSCONI,,,,,https://www.instagram.com/secdtes.villaguay/,https://www.facebook.com/pages/Polideportivo%20Municipal%20De%20Villaguay/1797642203888778/#,"Fútbol, Básquet , Voley, tiro deportivo, Atletismo, Hockey césped",SIN DATOS,SIN DATOS,-31.8642893879505,-59.0451350183885,"Cancha de Fútbol, SUM, Otros, pista de atletismo, Cancha de Hockey, Cancha hockey cesped, Cajon de arena"
ASOCIACIÓN CIVIL DEPORTIVO Y RECREATIVO TRICOLOR,CLUB DEPORTIVO,3.0716963248E10,VILLAGUAY,VILLAGUAY,3.45562401E9,,asociacioncdrtricolor@gmail.com,SAN MARTIN,1262.0,,,,@asoc.dep.tricolor.villaguay,Asociacion dep y rec tricolor,"Hockey césped, Fútbol, Voley, Hockey sobre patines",SIN DATOS,SIN DATOS,-31.86421,-59.04508,
ASOCIACIÓN DE VETERANOS DE FÚTBOL VILLAGUAY,CLUB DEPORTIVO,3.0715265806E10,VILLAGUAY,VILLAGUAY,3.455422781E9,3.455414584E9,dario_aubry@hotmail.com,CONCORDIA,130.0,,,,@veretanosvilllaguay,Asociacion veteranos Villaguay,Fútbol,SIN DATOS,SIN DATOS,-31.8634208345915,-59.045132636092,Cancha de Fútbol
ASOCIACION ECUESTRE EL RELINCHO PONY CLUB,CLUB DEPORTIVO,3.0714082228E10,VILLAGUAY,VILLAGUAY,3.45541501E9,3.455439684E9,fernandalosada@yahoo.com,TOFALO OESTE,9005.0,,,,@elrelinchoponyclub/,https://www.facebook.com/p/El-Relincho-Pony-Club-100053445466801/?locale=es_ES,Hipismo,SIN DATOS,SIN DATOS,-31.8634177153506,-59.0452331754223,Otros
CLUB ATLETICO SARMIENTO,CLUB DEPORTIVO,3.060585242E10,VILLAGUAY,VILLAGUAY,3.455406647E9,3.455456726E9,florenciomontiel@hotmail.com,BELGRANO Y DORREGO,755.0,,,,@club.sarmiento_rojo,https://www.facebook.com/cas.villaguay/?locale=es_LA,"Hockey césped, Fútbol, Tenis, Natación, Gimnasia Artística, Básquet",SIN DATOS,SIN DATOS,-31.8626376202587,-59.0226262956172,"Pileta Descubierta, cancha de tenis, Cancha de Fútbol, Cancha Techada, cancha de basquet, cancha de bochas, SUM"
CLUB ATLETICO HURACAN,CLUB DEPORTIVO,3.0670894025E10,VILLAGUAY,VILLAGUAY,3.455401852E9,3.455457558E9,turca379@hotmail.com,RIVADAVIA 538,,,,,@huracan.villaguay,,Básquet,SIN DATOS,"ACCESO ADECUADO, PUERTAS ACCESIBLES, ANCHO DE PASILLOS",-31.862512027503,-59.0279420372287,"cancha de basquet, Cancha Techada, SUM"
CLUB SOCIAL Y DEPORTIVO SALUD PUBLICA,CLUB DEPORTIVO,3.3688754289E10,VILLAGUAY,VILLAGUAY,3.455421866E9,3.455496E9,debernardi@infinet.com.ar,SAN MARTIN,912.0,,,,@saluchitos.villaguay,Club social y dep Salud Pública,"Fútbol, Voley, Bochas",SIN DATOS,SIN DATOS,-31.8613616033288,-59.0276604607088,"Cancha de Fútbol, SUM, Cancha Techada"
CLUB ATLETICO GUALEGUAY,CLUB DEPORTIVO,3.0709288934E10,VILLAGUAY,VILLAGUAY,3.455424025E9,3.455481762E9,exequieltaylor@yahoo.com.ar,HIPOLITO YRIGOYEN,1549.0,,,,@clubgualeguay_,https://www.facebook.com/clubgualeguay.villaguay/?locale=es_LA,"Fútbol, Bochas",NO,PUERTAS ACCESIBLES,-31.8593643375284,-59.0490219993266,"Cancha de Fútbol, Pileta Techada, cancha de bochas"
AGRUPACION DEPORTIVA ESTUDIANTIL VILLAGUAY (ADEV),CLUB DEPORTIVO,3.0670913623E10,VILLAGUAY,VILLAGUAY,3.45544198E9,3.455407409E9,adevbasquetvillaguay@gmail.com,PASO Y POSADAS,S/N,,,,@adev_villaguay,Agrupacion deportiva estudiantil villaguay,"Fútbol, Natación, Básquet, Ciclismo, Artes Marciales/deportes de contacto, Softbol",SIN DATOS,SIN DATOS,-31.8591084622473,-59.024457528163,"Cancha de Fútbol, cancha de basquet, Cancha Techada, Pileta Techada, SUM, Gimnasio"
AERO CLUB VILLAGUAY,CLUB DEPORTIVO,3.3507048159E10,VILLAGUAY,VILLAGUAY,3.455511284E9,3.455511284E9,joseprocolor@gmail.com,AVENIDA AERONAUTICA ARGENTINA,S/N,,,,@aeroclubvillaguay,aero club villaguay,"Aviación, Golf, Tenis",SIN DATOS,SIN DATOS,-31.8571394198306,-59.0733777157262,"Otros, Pileta Descubierta, cancha de tenis, Campo de Golf"
UNIVERSIDAD NACIONAL DE ENTRE RIOS (UNER),PREDIO UNIVERSITARIO,3.0562252157E10,VILLAGUAY,VILLAGUAY,,,,,,,,www.estudia.uner.edu.ar/deportes/,"uneroficial
https://www.instagram.com/bienestar.uner/",https://www.facebook.com/UNERoficial/?locale=es_LA,,,SIN DATOS,-31.8534039780426,-59.0229984686585,
SPORTIVO VILLA CLARA,CLUB DEPORTIVO,3.0716466651E10,VILLA CLARA,VILLAGUAY,3.455479315E9,3.455557386E9,clubsportivovillaclara@gmail.com,AV. BHIRSCH,149.0,,,,@sportivovillaclara,,"Fútbol, Voley",SIN DATOS,SIN DATOS,-31.8325979490759,-58.8190328821511,Cancha de Fútbol
CLUB ATLETICO VILLA CLARA,CLUB DEPORTIVO,3.0714984752E10,VILLA CLARA,VILLAGUAY,,,,AVENIDA BARON HIRSCH Y CALLE PUBLICA,,,,,,https://www.facebook.com/p/Atletico-Villa-Clara-100063088667689/,Fútbol,NO,"ACCESO ADECUADO, PUERTAS ACCESIBLES, ANCHO DE PASILLOS",-31.8325931151888,-58.8195074660532,Cancha de Fútbol
UNIVERSIDAD NACIONAL DE ENTRE RIOS (UNER),PREDIO UNIVERSITARIO,3.0562252157E10,ORO VERDE,PARANÁ CAMPAÑA,,,,,,,,www.estudia.uner.edu.ar/deportes/,"uneroficial
https://www.instagram.com/bienestar.uner/",https://www.facebook.com/UNERoficial/?locale=es_LA,"Fitness, Fútbol, Básquet , Voley, Handball, Rugby",SIN DATOS,SIN DATOS,-31.8300632077245,-60.5182094937626,"Cancha de Fútbol, Cancha Techada, cancha de basquet, Gimnasio"
ASOCIACION CHANÁ TIMBU CLUB,CLUB DEPORTIVO,3.0714796255E10,ORO VERDE,PARANÁ CAMPAÑA,3.435059365E9,3.434564718E9,chanatimbu.rhc@gmail.com,LOS JACARANDAES,576.0,,,,"https://www.instagram.com/chanatimbuclub/
https://www.instagram.com/chana.timbu_rugby/
https://www.instagram.com/chanatimbufem/",,Rugby,SIN DATOS,SIN DATOS,-31.8289035819199,-60.5254817678742,Cancha de Rugby
ORO VERDE SOFTBOL ASOCIACION CIVIL,CLUB DEPORTIVO,3.0716923165E10,ORO VERDE,PARANÁ CAMPAÑA,3.434194659E9,3.44441435E9,oroverdesoftbol.ac@gmail.com,LOS TORDOS,381.0,,,,,https://www.facebook.com/p/Oro-Verde-Softbol-Asociacion-Civil-100065242760488/,Softbol,SIN DATOS,SIN DATOS,-31.82324,-60.52314,Otros
CLUB ATLETICO ORO VERDE,CLUB DEPORTIVO,3.3690472649E10,ORO VERDE,PARANÁ CAMPAÑA,3.434074158E9,3.436118154E9,club.oroverde@gmail.com,LOS JACARANDAES,54.0,,,,https://www.instagram.com/caoroverde/,https://www.facebook.com/caovoficial/mentions?locale=es_LA,"Fútbol, Voley, Patinaje artístico, Básquet , Hockey sobre patines",SIN DATOS,SIN DATOS,-31.8166082456233,-60.4970200273152,"Cancha de Fútbol, Cancha Techada, SUM"
KARTODROMO VILLAGUAY,POLIDEPORTIVO MUNICIPAL,SIN CUIT 068,VILLAGUAY,VILLAGUAY,,,,,,,,Kartodromo de Villaguay,@kartodromo.villaguay,,Automovilismo / karting,SIN DATOS,SIN DATOS,-31.8157163808095,-59.0208973342351,Otros
TIRO CON ARCO PARANÁ ASOCIACION DEPORTIVA,CLUB DEPORTIVO,3.0711112908E10,ORO VERDE,PARANÁ CAMPAÑA,3.435079772E9,3.43621492E9,info@tiroconarcoPARANÁ.com.ar,AV. LOS CISNES Y CAMINO DE LA CUCHILLA (BARRIO EL TRIANGULAR) AV. LOS CISNES AL 9000,S/N,,,,,https://www.facebook.com/TiroConArcoPARANÁ/?locale=es_LA,Tiro con Arco,SIN DATOS,SIN DATOS,-31.8083754535501,-60.5117789893785,Otros
CLUB SOCIAL Y DEPORTIVO TABOSSI,CLUB DEPORTIVO,3.0709728365E10,TABOSSI,PARANÁ CAMPAÑA,,,,J.D.PERON,249.0,,,,,,Fútbol,SIN DATOS,SIN DATOS,-31.80265,-59.93716,"SUM, Cancha de Fútbol"
CAPIBA RUGBY CLUB,CLUB DEPORTIVO,3.0707577203E10,PARANÁ,PARANÁ,3.435112108E9,3.43405996E9,vivivernackt@hotmail.com,GOBERNADOR PARERA,S/N,,,,@capibarugbyclub/,,"Hockey césped, Rugby, OTROS, Softbol",SIN DATOS,SIN DATOS,-31.79456,-60.49752,"Cancha de Rugby, Cancha de Hockey, Cancha hockey cesped"
TIRO FEDERAL ARGENTINO -PARANÁ,CLUB DEPORTIVO,3.0681066787E10,PARANÁ,PARANÁ,3.434355329E9,3.434509624E9,guillermoraspini@outlook.com,LISANDRO DE LA TORRE,580.0,,,,,,tiro deportivo,SIN DATOS,SIN DATOS,-31.79202,-60.52062,Otros
CLUB SOCIAL Y DEPORTIVO UBAJAY,CLUB DEPORTIVO,3.0650469514E10,UBAJAY,COLÓN,3.456025974E9,3.456025974E9,csydubajay82@gmail.com,ALGARROBAL,127.0,,,,@club_social_y_deportivo_ubajay,https://www.facebook.com/p/Club-Social-y-Deportivo-Ubajay-100063620268581/?locale=es_LA,"Voley, Fútbol",SIN DATOS,SIN DATOS,-31.7907308433104,-58.3142474646247,"Cancha de Fútbol, Cancha Techada, SUM"
CLUB SPORTIVO LIBANES,CLUB DEPORTIVO,3.0708926015E10,PARANÁ,PARANÁ,3.434651121E9,3.434061428E9,c.s.libanes@hotmail.com,DIVISIÓN LOS ANDES,3334.0,,,,https://www.instagram.com/sportivolibanes?fbclid=IwZXh0bgNhZW0CMTAAYnJpZBExSWJxS1NTUEdQVFJjaGtYQwEevqv4v8i4LFDiVrax8MUt7D9GyMHQ8DhPamJjec9gCPlPpMOSkukkziH-eLo_aem_CTUfgzvANFaX5kCL7EZobA,https://www.facebook.com/clublibanes/?locale=es_LA,"Fútbol, Patinaje artístico",SIN DATOS,SIN DATOS,-31.7835433803159,-60.5216334140394,"Cancha de Fútbol, Otros"
CLUB EMPLEADOS TELEFONICOS DE ENTRE RIOS,CLUB DEPORTIVO,3.0708998164E10,PARANÁ,PARANÁ,3.434260595E9,3.436235298E9,maxisab@hotmail.com,GARRIGO Y RICARDO BALBIN,S/N,,,,,https://www.facebook.com/clubempleados.telefonicosentrerios.9/photos?locale=es_LA,"Natación, Hockey césped",SIN DATOS,SIN DATOS,-31.7835231346415,-60.5086069620267,"SUM, Pileta Descubierta"
CLUB ATLETICO Y SOCIAL SAN BENITO,CLUB DEPORTIVO,3.0690489771E10,SAN BENITO,PARANÁ CAMPAÑA,3.43484304E9,3.435049282E9,mcr_210369@hotmail.com,AV. SAN MARTIN Y 9 DE JULIO,S/N,,,,,,"Fútbol, Voley",SIN DATOS,"DÁRSENA DE LLEGADA, ESTACIONAMIENTOS ACCESIBLES, ACCESO ADECUADO, PUERTAS ACCESIBLES",-31.7831207885505,-60.4431362793591,"Cancha de Fútbol, Cancha Techada, SUM, Otros"
LIGA AGRUPACIONES VETERANOS FUTBOL PARANÁ,CLUB DEPORTIVO,3.0671194957E10,PARANÁ,PARANÁ,3.434973676E9,3.435217228E9,lavfp@yahoo.com.ar,AVENIDA JORGE NEWBERY,5000.0,,,,,https://www.facebook.com/profile.php?id=100057644191191&sk=about&locale=es_LA,Fútbol,SIN DATOS,SIN DATOS,-31.7825845181384,-60.4525754705136,Cancha de Fútbol
CLUB ATLETICO BAYLINA,CLUB DEPORTIVO,3.0714537535E10,SAN SALVADOR,SAN SALVADOR,3.45416307E9,3.456254832E9,lucas.buet@hotmail.com,43864.0,478.0,,,,@club_a_baylina,,Fútbol,SIN DATOS,SIN DATOS,-31.7818203303028,-58.5321384758061,Cancha de Fútbol
CLUB SPORTIVO ENTRE RIOS,CLUB DEPORTIVO,3.0714029343E10,PARANÁ,PARANÁ,3.434269315E9,3.4341691E9,perliacostadure@hotmail.com,CALLE SALVADOR CAPUTTO,2650.0,,,,,https://www.facebook.com/clubsportivoentreriosoficial/?locale=es_LA,"Voley, Artes Marciales/deportes de contacto, Fútbol, Boxeo",SIN DATOS,SIN DATOS,-31.78002,-60.48467,"Cancha de Fútbol, SUM, Otros, Cancha Techada"
"Playon Polideportivo ""Fernando Gabriel Piérola"" B°Emp. de Comercio",POLIDEPORTIVO MUNICIPAL,SIN CUIT 069,PARANÁ,PARANÁ,0343 466-4751,,,"Artigas, entre Crisólogo Larralde y calle 1631",,,,,,,"Básquet, Futsal, Deportes Urbanos",SIN DATOS,SIN DATOS,-31.7796463176334,-60.5133950729419,"cancha de basquet, Otros"
ASOCIACIÓN COMISIÓN DE JÓVENES Y CHICOS DE LA CALLE,CLUB DEPORTIVO,3.0714460958E10,PARANÁ,PARANÁ,3.434059803E9,3.434178493E9,rosarigo34@hotmail.com,JORGE NEWBERY,1824.0,,,,,,,SIN DATOS,SIN DATOS,-31.776072026618,-60.4975086001559,Otros
CLUB DEPORTIVO ARGENTINO JUNIORS,CLUB DEPORTIVO,3.0690473875E10,PARANÁ,PARANÁ,,3.435065185E9,clubdeportivoargentinojuniors1942@hotmail.com,AV. PEDRO ZANNI Y AV. JORGE NEWBERY,,,,,https://www.instagram.com/argentinosjrs.futbol/,"https://www.facebook.com/people/Club-Deportivo-Argentino-Juniors/100094263976830/
https://www.facebook.com/aj.parana.2025","Fútbol, Voley, Artes Marciales/deportes de contacto, Patinaje artístico, Futsal",NO,"DÁRSENA DE LLEGADA, ESTACIONAMIENTOS ACCESIBLES, ACCESO ADECUADO, ANCHO DE PASILLOS, SANITARIOS ACCESIBLES, RAMPAS",-31.7757021943557,-60.5009362091365,"Cancha de Fútbol, Otros, SUM"
"CLUB INTERPROFESIONAL, DEPORTIVO, SOCIAL Y CULTURAL DE PARANÁ",CLUB DEPORTIVO,3.062851338E10,PARANÁ,PARANÁ,3.434319519E9,3.434261798E9,clubinterPARANÁ@hotmail.com,BOULEVARD RACEDO,455.0,,,www.clubinter.com.ar/,https://www.instagram.com/club.interprofesional/,,Fútbol,SIN DATOS,SIN DATOS,-31.7745128159023,-60.4635841072534,"Cancha de Fútbol, SUM"
CLUB MALVINAS ARGENTINAS DE PARANÁ,CLUB DEPORTIVO,3.0708615478E10,PARANÁ,PARANÁ,3.434350071E9,3.43404474E9,nicolasmichelin@hotmail.com,AV. FRANCISCO RAMIREZ,5526.0,,,,,,Fútbol,SIN DATOS,SIN DATOS,-31.7732868432301,-60.5239783305257,"SUM, Otros"
CENTRO MARCIAL SIN LIMITES,PRIVADO,SIN CUIT 002,PARANÁ,PARANÁ,,,,,,,,,,https://www.facebook.com/C.M.Sin.Limites,"Artes Marciales/deportes de contacto, Boxeo, Fitness",SIN DATOS,SIN DATOS,-31.7732565086369,-60.5007036797195,Gimnasio
CLUB TILCARA,CLUB DEPORTIVO,3.0681116679E10,COLONIA AVELLANEDA,PARANÁ CAMPAÑA,3.434056182E9,3.436206543E9,clubtilcara@gmail.com,MARTIN ZAPATA,1127.0,,,www.clubtilcara.com.ar/,@clubtilcara,https://www.facebook.com/clubtilcara/,"Rugby, Hockey césped",SIN DATOS,SIN DATOS,-31.7712961871578,-60.3699393917442,"Cancha de Rugby, Cancha de Hockey, Gimnasio, SUM, Pileta Descubierta, Cancha hockey cesped"
CLUB ATLETICO PARACAO,CLUB DEPORTIVO,3.0690498266E10,PARANÁ,PARANÁ,3.43435997E9,,clubparacao@hotmail.com,JUAN BAEZ,745.0,,,,@atleticoparacao/,,"Voley, Básquet , Natación, Hockey césped, Handball, Patinaje artístico, Boxeo",SIN DATOS,SIN DATOS,-31.7697893061492,-60.5323930870533,"Cancha Techada, Cancha de Hockey, Pileta Descubierta, cancha de tenis, Pileta Techada, SUM, Cancha de Fútbol, Otros, Cancha hockey cesped, Cajon de arena"
COMPLEJO LEGUAN DEPORTES Y EVENTOS,PRIVADO,SIN CUIT 082,COLONIA AVELLANEDA,PARANÁ CAMPAÑA,,,,Ruta 12 y Patat,,,,,https://www.instagram.com/leguancomplejo/?hl=en,,"Fútbol, Voley, Básquet , Natación, Fitness, Futsal",SIN DATOS,SIN DATOS,-31.76858,-60.40966,"Cancha de Fútbol, SUM, Cancha Techada, Pileta Descubierta"
AGRUPACIÓN PARANAENSE DE BICICROSS (APABI),CLUB DEPORTIVO,3.0707779477E10,PARANÁ,PARANÁ,3.4345326E9,3.4345326E9,robercon33@hotmail.com,LA PICADA ENTRE COSQUIN Y VILLA CERRITO - PARQUE GAZZANO,1800.0,,,,@apabibmx,,Ciclismo,SIN DATOS,SIN DATOS,-31.766984620367,-60.5037145758896,Otros
CLUB ATLETICO INSTITUTO,CLUB DEPORTIVO,3.0671164896E10,PARANÁ,PARANÁ,3.434362093E9,3.434364143E9,sergiowaldemar@gmail.com,OVIDO LAGOS,1482.0,,,,@clubainstitutopna,https://www.facebook.com/LAGLORIADEVILLAURANGA/about?locale=es_LA,"Fútbol, Gimnasia Artística, Hockey césped, Deportes Urbanos",SIN DATOS,SIN DATOS,-31.76547,-60.49096,"Cancha de Fútbol, SUM"
UNION DE VETERANOS DE FUTBOL DE PARANÁ,CLUB DEPORTIVO,3.069052536E10,PARANÁ,PARANÁ,3.434652188E9,3.435048111E9,lpedrocoronado@hotmail.com secretario,SALELLAS,951.0,,,,,https://www.facebook.com/ligadeveteranosPARANÁ/photos?locale=es_LA,Fútbol,SIN DATOS,SIN DATOS,-31.7646303809844,-60.4563753335623,Cancha de Fútbol
ASOCIACIÓN CIVIL ARENAS FUTBOL CLUB,CLUB DEPORTIVO,3.0716509776E10,PARANÁ,PARANÁ,3.43428854E9,3.434700618E9,rodoemery62@gmail.com,DIVISIÓN DE LOS ANDES,1776.0,,,,@arenas_futbol_club,,Fútbol,SIN DATOS,SIN DATOS,-31.7641121793963,-60.4569326846373,Cancha de Fútbol
CENTRO DEPORTIVO MUNICIPAL DR. RAUL ALFONSIN,POLIDEPORTIVO MUNICIPAL,SIN CUIT 062,PARANÁ,PARANÁ,,,,Dr. Bernardo Houssay,1798.0,,,,,,"Natación, Rugby, Fitness",SIN DATOS,SIN DATOS,-31.76355,-60.51884,"Pileta Descubierta, Cancha de Rugby, Gimnasio"
PAKUA RAMIREZ SUR,PRIVADO,SIN CUIT 031,PARANÁ,PARANÁ,,,,Av. Francisco Ramirez,4562.0,,,www.pakua.com,,https://www.facebook.com/PakuaRamirezSur,Artes Marciales/deportes de contacto,SIN DATOS,SIN DATOS,-31.763308197314,-60.5221246668333,Gimnasio
CLUB SOFTBOL PLAY,CLUB DEPORTIVO,3.0707675388E10,PARANÁ,PARANÁ,3.43472416E9,3.434586399E9,infosoftbolplay@gmail.com,ERNESTO IZZA,792.0,,,,https://www.instagram.com/softbolplay/,https://www.facebook.com/softbolplay/?ref=_xav_ig_profile_page_web#,Softbol,SIN DATOS,SIN DATOS,-31.7630350161121,-60.4671461091081,"Otros, SUM"
ASOCIACION CIVIL CLUB ATLETICO Y DEPORTIVO COLONIA AVELLANEDA,CLUB DEPORTIVO,3.071066857E10,COLONIA AVELLANEDA,PARANÁ CAMPAÑA,,,,CONCEPCIÓN DEL URUGUAY 0,,,,,https://www.instagram.com/deportivocoloniaavellaneda/,,"Fútbol, Patinaje artístico",SIN DATOS,SIN DATOS,-31.7623489859275,-60.4286047263502,Cancha de Fútbol
CLUB ATLÉTICO LIBERTADOR SAN MARTÍN,CLUB DEPORTIVO,3.3709092869E10,PARANÁ,PARANÁ,3.434364364E9,3.434614777E9,ca.libertadorsanmartin@gmail.com,CELESTINO MARCÓ,1389.0,,,,@calibertadorsanmartin/,,"Futsal, Bochas, Básquet, Voley, Patinaje artístico, Artes Marciales/deportes de contacto",NO,"ESTACIONAMIENTOS ACCESIBLES, ACCESO ADECUADO, PUERTAS ACCESIBLES, ANCHO DE PASILLOS, SANITARIOS ACCESIBLES",-31.7622734549305,-60.5001391846574,"SUM, Cancha Techada, cancha de basquet, cancha de bochas"
ATLETICO NEUQUEN CLUB,CLUB DEPORTIVO,3.0681130078E10,PARANÁ,PARANÁ,3.434352236E9,,clubneuquenPARANÁ@gmail.com,MARTIN DEL BARCO CENTENERA Y CAMINO DE LA CUCHILLA GRANDE,797.0,,,,,,"Hockey sobre patines, Fútbol, Natación, Patinaje artístico, Básquet",NO,"ACCESO ADECUADO, PUERTAS ACCESIBLES",-31.76176,-60.52932,"Cancha de Fútbol, Pileta Descubierta, Cancha Techada, cancha de basquet"
ASOCIACION CIVIL SOCIAL Y DEPORTIVA ALMIRANTE BROWN,CLUB DEPORTIVO,3.0716637294E10,COLONIA AVELLANEDA,PARANÁ CAMPAÑA,3.434661581E9,3.435016776E9,aurinegro2019@hotmail.com,FRATERNIDAD,2226.0,,,,,,Fútbol,SIN DATOS,SIN DATOS,-31.7593779358621,-60.4132795944566,SUM
AEROCLUB CIUDAD DE PARANÁ,CLUB DEPORTIVO,3.3543078129E10,SAUCE MONTRULL,PARANÁ CAMPAÑA,3.435205525E9,,secretaria@aeroclubPARANÁ.org.ar,RUTA NAC. 12 KM 454,,,,https://aeroclubPARANÁ.org.ar/web/,,,Aviación,SIN DATOS,SIN DATOS,-31.7550943640706,-60.3768864335629,Otros
CLUB ATLETICO PALERMO,CLUB DEPORTIVO,3.0690482505E10,PARANÁ,PARANÁ,3.434242972E9,3.434516529E9,palermoPARANÁ@gmail.com,SANTOS DOMINGUEZ Y BOUCHARD,99.0,,,,@clubatleticopalermoof/,,"Fútbol, padel",NO,"ACCESO ADECUADO, ANCHO DE PASILLOS, RAMPAS",-31.750788781124,-60.5178546951029,"cancha de padel, Cancha de Fútbol, Pileta Descubierta, Otros"
UNIVERSIDAD TECNOLÓGICA NACIONAL (UTN),PREDIO UNIVERSITARIO,3.0546671166E10,PARANÁ,PARANÁ,,,,,,,,www.frcon.utn.edu.ar/deportes/,,,"Fútbol, Básquet , Voley, Otros, Hockey césped, Natación",SIN DATOS,SIN DATOS,-31.7500396973641,-60.5034787937625,"Otros, Cancha de Fútbol"
CLUB UNIVERSITARIO PARANÁ,CLUB DEPORTIVO,3.0605635039E10,PARANÁ,PARANÁ,3.434397119E9,3.434727151E9,clubuniversitarioPARANÁ@hotmail.com,RIO NEGRO,605.0,,,,https://www.instagram.com/clubuniversitariopna/,https://www.facebook.com/CUniversitarioP/?locale=es_LA,"Fútbol, Voley, Básquet , Hockey césped",SIN DATOS,SIN DATOS,-31.7496264253869,-60.4974952416731,"Cancha de Fútbol, Pileta Descubierta, Otros, cancha de basquet, SUM"
CLUB ATLÉTICO PARANÁ,CLUB DEPORTIVO,3.0681123497E10,PARANÁ,PARANÁ,3.434242893E9,3.434624329E9,aealmada@hotmail.com,RUPERTO PEREZ,273.0,,,,@clubatleticoPARANÁof,,"Fútbol, Artes Marciales/deportes de contacto",SIN DATOS,SIN DATOS,-31.74763,-60.51524,"Cancha de Fútbol, Pileta Descubierta, SUM"
CLUB ATLÉTICO CICLÓN DEL SUR,CLUB DEPORTIVO,3.0712227113E10,PARANÁ,PARANÁ,3.436207068E9,,arielsebastianbello78@gmail.com,VIRREY VERTIZ Y LOS JACARANDAES,S/N,,,,@clubatleticociclondelsur,,Fútbol,SIN DATOS,SIN DATOS,-31.7473211585098,-60.5546473870786,Cancha de Fútbol
ASOCIACIÓN CIVIL INTEGRADORA DE SOFTBOL AMATEUR,CLUB DEPORTIVO,3.0716333864E10,PARANÁ,PARANÁ,3.435186791E9,3.43503656E9,isacef2017@gmail.com,ALVARADO Y EVA PERON,S/N,,,,https://www.instagram.com/apsoftbol/,https://www.facebook.com/polideportivocef/?locale=es_LA,Softbol,SIN DATOS,SIN DATOS,-31.74719,-60.53964,Otros
CENTRO PROVINCIAL DE EDUCACIÓN FÍSICA Nº5 OLEGARIO VICTOR ANDRADE,POLIDEPORTIVO PROVINCIAL,3.070992841E10,PARANÁ,PARANÁ,,,centro5parana@hotmail.com,PIRAN,1592.0,,,,,,"Fútbol, Básquet , Voley, Softbol",SIN DATOS,SIN DATOS,-31.7457170930295,-60.5380932017349,"Cancha de Fútbol, cancha de padel, cancha de basquet, Otros"
GYM FENIX FIGHTERS,PRIVADO,SIN CUIT 025,PARANÁ,PARANÁ,,,,,,,,,,https://www.facebook.com/fenixfighters/?locale=es_LA,"Boxeo, Artes Marciales/deportes de contacto",SIN DATOS,SIN DATOS,-31.7456181767628,-60.5227297337323,Gimnasio
CLUB AVENIDA EJERCITO,CLUB DEPORTIVO,SIN CUIT 014,PARANÁ,PARANÁ,3.43437348E9,,yaminasalcedo2019@hotmail.com,JUAN MARIA GUTIERREZ,1150.0,,,,,https://www.facebook.com/p/Club-Avenida-Ej%C3%A9rcito-100063239319859/,"Artes Marciales/deportes de contacto, Futsal, Voley",SIN DATOS,SIN DATOS,-31.7445045283648,-60.5346676140394,"Cancha Techada, SUM"
NARANJITOS FUTBOL ASOCIACIÓN CIVIL,CLUB DEPORTIVO,3.0715644386E10,PARANÁ,PARANÁ,3.435030172E9,3.435036182E9,nestordariogiacinti@yahoo.com,DR CORDINI,952.0,,,,https://www.instagram.com/naranjitos.futbol/?hl=es,,Fútbol,SIN DATOS,SIN DATOS,-31.7443925186441,-60.477934205445,Cancha de Fútbol
VIEYRA JIU JITSU,PRIVADO,SIN CUIT 048,PARANÁ,PARANÁ,0343-156338187,0343 633-8187,,Adolfo Alsina,653.0,,,vieyrajiujitsu.com.ar,https://instagram.com/vieyrajiujitsu?igshid=YmMyMTA2M2Y=,https://www.facebook.com/vieyrajiujitsu/,Artes Marciales/deportes de contacto,SIN DATOS,SIN DATOS,-31.7442812654965,-60.5220028957283,
QUIQUE CLUB,CLUB DEPORTIVO,3.0708140437E10,PARANÁ,PARANÁ,3.43421833E9,3.43469336E9,quiqueclub-PARANÁ@hotmail.com.ar,ADOLFO ALSINA,659.0,,,,,https://www.facebook.com/quiquecluboficial/photos?locale=es_LA,"Voley, Básquet, Patinaje artístico, Artes Marciales/deportes de contacto",SIN DATOS,SIN DATOS,-31.7441929325597,-60.5214577668333,"Cancha Techada, Otros, cancha de basquet"
CLUB ATLETICO TIRO FEDERAL,CLUB DEPORTIVO,3.0681096465E10,PARANÁ,PARANÁ,3.434244837E9,3.434707966E9,c.a.tirofederal@outlook.com.ar,AYACUCHO,826.0,,,www.tirofederalPARANÁ.com.ar/,,,"OTROS, Tiro con Arco",SIN DATOS,SIN DATOS,-31.74406,-60.50633,SUM
PA - KUA-LIGA INTERNACIONAL RECINTO EL CAMINO,PRIVADO,SIN CUIT 030,PARANÁ,PARANÁ,,,,Av. Churruarin,415.0,,,www.pakua.com,https://www.instagram.com/pakuaelcamino?igshid=NGExMmI2YTkyZg%3D%3D,,Artes Marciales/deportes de contacto,SIN DATOS,SIN DATOS,-31.7434089594428,-60.5110692017771,Gimnasio
CLUB ATLETICO PATRONATO DE LA JUVENTUD CATOLICA,CLUB DEPORTIVO,3.0654542208E10,PARANÁ,PARANÁ,3.434243766E9,3.434344945E9,clubpatronatoPARANÁ@hotmail.com,PADRE B. FRELLA 874,874.0,,,www.capatronato.com/,,https://www.facebook.com/clubpatronatooficial,"Fútbol, Básquet , Artes Marciales/deportes de contacto, Voley, Natación, Patinaje artístico, Softbol",SIN DATOS,SIN DATOS,-31.74274,-60.50899,"Cancha de Fútbol, cancha de basquet, Gimnasio, SUM, Pileta Descubierta, Cancha Techada, Otros"
Dojo Mannschaft Kaiser -- Muay Thai / Kick Boxing,PRIVADO,SIN CUIT 021,PARANÁ,PARANÁ,,,,,,,,,,,Artes Marciales/deportes de contacto,SIN DATOS,SIN DATOS,-31.7426979979564,-60.5121271355823,Gimnasio
ASOCIACIÓN CIVIL DEPORTIVA PARANAENSE DE TENIS DE MESA (ASPATEM),CLUB DEPORTIVO,3.0715533541E10,PARANÁ,PARANÁ,3.435110448E9,3.435110448E9,infoaspatem@gmail.com,FRAY MAMERTO ESQUIÚ,860.0,,,,https://www.instagram.com/aspatem_PARANÁ/,https://www.facebook.com/Aspatem/?locale=es_LA,OTROS,SIN DATOS,SIN DATOS,-31.74218,-60.51592,SUM
CLUB TALLERES PARANÁ,CLUB DEPORTIVO,3.0533635349E10,PARANÁ,PARANÁ,3.434313804E9,3.434073651E9,talleresPARANÁ1907@yahoo.com.ar,IRIGOYEN,593.0,,,www.clubtalleresPARANÁ.com.ar/inicio/,https://www.instagram.com/clubtalleresparana?fbclid=IwY2xjawMd3oRleHRuA2FlbQIxMABicmlkETFJYnFLU1NQR1BUUmNoa1hDAR6nnRhPzkeWyqgK1wJ1f2fyqSYwQekdcrO9plt765TppHU7xSc4v0dqmq-NrA_aem_2b2eTH9gvU72-5PD1K4Vzw,https://www.facebook.com/clubtalleresPARANÁ/about?locale=es_LA,"Hockey césped, Básquet , Natación, Hockey sobre patines, Patinaje artístico, Softbol",SIN DATOS,SIN DATOS,-31.7416555763787,-60.5267901680117,"Pileta Descubierta, Cancha Techada, Otros, cancha de basquet"
SOCIEDAD FRIULANA,CLUB DEPORTIVO,3.070018082E10,PARANÁ,PARANÁ,,,,VILLAGUAY,545.0,,,www.friulanaPARANÁ.org.ar/,,,Bochas,SIN DATOS,SIN DATOS,-31.7411699963758,-60.5262216705262,"SUM, cancha de bochas"
CLUB ATLETICO CICLON DE AYACUCHO,CLUB DEPORTIVO,3.0710518552E10,PARANÁ,PARANÁ,3.434249119E9,3.434315278E9,epelbaumrd@hotmail.com,AYACUCHO,1152.0,,,,,https://www.facebook.com/p/Club-Cicl%C3%B3n-de-Ayacucho-Paran%C3%A1-100082868305923/?locale=es_LA,"Artes Marciales/deportes de contacto, Deportes Urbanos, Bochas, Fitness",SIN DATOS,SIN DATOS,-31.7397868793004,-60.5043001704076,"cancha de bochas, SUM"
ASOCIACION CICLISTA DE ENTRE RIOS,CLUB DEPORTIVO,3.3681091039E10,PARANÁ,PARANÁ,3.434076862E9,3.434608444E9,albertobdominguezcic@yahoo.com.ar,AYACUCHO,1190.0,,,,,https://www.facebook.com/AsociacionCiclistadeEntreRios/?locale=es_LA,Ciclismo,SIN DATOS,SIN DATOS,-31.73967,-60.50537,"Otros, SUM"
"JUDO ""DOJO PANTERA"" ARTES MARCIALES",PRIVADO,SIN CUIT 026,PARANÁ,PARANÁ,,,,Antartida Argentina,242.0,,,,https://www.instagram.com/panterajudo/,,Artes Marciales/deportes de contacto,SIN DATOS,SIN DATOS,-31.7395541892063,-60.5186005901292,Gimnasio
"Escuela De Wu Shu , Kung Fu",PRIVADO,SIN CUIT 022,PARANÁ,PARANÁ,,,,,,,,,@kungfuPARANÁ/,,Artes Marciales/deportes de contacto,SIN DATOS,SIN DATOS,-31.7395052487864,-60.5205987208108,Gimnasio
CENTRO RECREATIVO BELGRANO,CLUB DEPORTIVO,3.0710649851E10,SEGUÍ,PARANÁ CAMPAÑA,3.434463505E9,3.434477452E9,rubenarantonioli@gmail.com,"GREGORIO C, BATTISTI",963.0,,,,,https://www.facebook.com/p/Centro-Recreativo-BELGRANO-Segu%C3%AC-100067680042276/,Bochas,SIN DATOS,SIN DATOS,-31.7382976820053,-60.1212569105194,"cancha de bochas, SUM"
Complejo El Sol,POLIDEPORTIVO MUNICIPAL,SIN CUIT 072,PARANÁ,PARANÁ,,,,,,,,,,,"Fútbol, Natación",SIN DATOS,SIN DATOS,-31.73809,-60.5424,"Cancha de Fútbol, Pileta Descubierta, Cajon de arena"
TOA FIGHT CLUB BOXING,PRIVADO,SIN CUIT 043,PARANÁ,PARANÁ,,,,,,,,,https://www.instagram.com/toafightclub,https://www.facebook.com/toafightclub/?locale=es_LA,"Artes Marciales/deportes de contacto, Boxeo",SIN DATOS,SIN DATOS,-31.737191352785,-60.5321604316144,Gimnasio
CLUB ATLÉTICO SAN AGUSTÍN,CLUB DEPORTIVO,3.0700157004E10,PARANÁ,PARANÁ,3.434372166E9,3.435104571E9,clubsanagustinPARANÁ@gmail.com,MONTIEL,970.0,,,,@club_san_agustin,https://www.facebook.com/clubatleticosanagustin/?locale=es_LA,Básquet,SIN DATOS,SIN DATOS,-31.7365041796113,-60.5462920206564,"Cancha Techada, cancha de basquet"
INDEPENDIENTE BOCHAS CLUB,CLUB DEPORTIVO,3.0716734532E10,PARANÁ,PARANÁ,3.434546878E9,3.434675051E9,ibcPARANÁ@gmail.com,SUDAMERICA,1355.0,,,,https://www.instagram.com/club.independiente2025/,https://www.facebook.com/p/Tenis-de-Mesa-Independiente-Bochas-Club-100084588320419/,Bochas,SIN DATOS,SIN DATOS,-31.7364792915242,-60.5120986108574,"cancha de bochas, SUM"
ATLETICO ECHAGUE CLUB,CLUB DEPORTIVO,3.053307639E10,PARANÁ,PARANÁ,,,,25 de mayo,555.0,,,,,https://www.facebook.com/echagueclub/photos?locale=es_LA,"Natación, Rugby, Patinaje artístico, Hockey césped, Voley, Básquet, Futsal, Artes Marciales/deportes de contacto",SI,"DÁRSENA DE LLEGADA, ESTACIONAMIENTOS ACCESIBLES, ACCESO ADECUADO, PUERTAS ACCESIBLES, ANCHO DE PASILLOS, ESCALERAS ACCESIBLES, RAMPAS, SANITARIOS ACCESIBLES, VESTUARIOS ACCESIBLES, CAMINOS Y VEREDAS",-31.73573550507,-60.5233247200727,"Cancha de Fútbol, Cancha de Rugby, cancha de basquet, Otros, Pileta Techada, Cancha Techada, Pileta Descubierta, SUM"
CLUB ATLÉTICO SOCIAL Y DEPORTIVO MARIANO MORENO,CLUB DEPORTIVO,3.0681090661E10,PARANÁ,PARANÁ,3.434071801E9,3.434050628E9,marianomorenoclub@gmail.com,AVENIDA DON BOSCO Y RAÚL ZACARO,1463.0,,,,,https://www.facebook.com/CASyDMarianoMoreno/?locale=es_LA,"Fútbol, Futsal",SIN DATOS,SIN DATOS,-31.7356093696304,-60.4967717465741,"cancha de basquet, Otros, SUM"
INDEPENDIENTE DE JUBILEO,CLUB DEPORTIVO,3.0708503866E10,JUBILEO,VILLAGUAY,3.455437065E9,3.455624493E9,c_independientejubileo@hotmail.com,LANDRISCINA,S/N,,,www.veteranosdesansa.com/club-independiente-jubileo/,,,Fútbol,SIN DATOS,SIN DATOS,-31.7351405523905,-58.6354462626574,Cancha de Fútbol
TAI SHAO - ARTES MARCIALES,PRIVADO,SIN CUIT 042,PARANÁ,PARANÁ,,,,,,,,https://taishao.wordpress.com/,https://www.instagram.com/toafightclub,https://www.facebook.com/p/Tai-Shao-100057262668132/,Artes Marciales/deportes de contacto,SIN DATOS,SIN DATOS,-31.7350521920565,-60.5283214729419,Gimnasio
ASOCIACION CLUB DEPORTIVO Y RECREATIVO PALMA JUNIORS,CLUB DEPORTIVO,3.0715484168E10,PARANÁ,PARANÁ,3.434312016E9,3.43459151E9,clubpalmajuniors@gmail.com,PIEDRABUENA,127.0,,,,@club_palma_juniors/,,"Boxeo, Deportes Urbanos, Bochas",SIN DATOS,SIN DATOS,-31.73488,-60.51726,"SUM, Otros, Gimnasio, cancha de bochas"
ASOCIACION CIVIL SOCIAL Y DEPORTIVA RIVER PARANÁ,CLUB DEPORTIVO,3.0715076604E10,PARANÁ,PARANÁ,,,,Av. Don Bosco,749.0,,,,,https://www.facebook.com/profile.php?id=100063736682408&sk=photos,"Fútbol, Futsal",SIN DATOS,SIN DATOS,-31.73409,-60.50558,Cancha de Fútbol
UNIVERSIDAD NACIONAL DE ENTRE RIOS (UNER),PREDIO UNIVERSITARIO,3.0562252157E10,PARANÁ,PARANÁ,,3.4424215E9,,,,,,www.estudia.uner.edu.ar/deportes/,"uneroficial
https://www.instagram.com/bienestar.uner/",https://www.facebook.com/UNERoficial/?locale=es_LA,,SIN DATOS,SIN DATOS,-31.7340459514336,-60.5235549416538,
RECREATIVO BOCHAS CLUB PARANÁ,CLUB DEPORTIVO,3.0602109735E10,PARANÁ,PARANÁ,3.434319918E9,3.434609661E9,clubrecreativo255@gmail.com,ITALIA,255.0,,,,,https://www.facebook.com/recreativo.PARANÁ/?locale=es_LA,"Básquet , Bochas, Hockey sobre patines, padel, Handball, Fitness",SIN DATOS,SIN DATOS,-31.7338914402238,-60.5326264385674,"Cancha Techada, Cancha de Hockey, Gimnasio, cancha de basquet, cancha de padel, SUM, Pileta Descubierta"
CLUB SOCIAL Y DEPORTIVO ESPAÑOL,CLUB DEPORTIVO,3.0709620432E10,PARANÁ,PARANÁ,,,josem91_06@hotmail.com,URQUIZA,722.0,,,,"https://www.instagram.com/clubespanolparana/
https://www.instagram.com/espanolbasquet/",https://www.facebook.com/clubespanolparana/?locale=es_LA,"Futsal, Básquet , Fitness",SIN DATOS,SIN DATOS,-31.7335075732033,-60.5258443437089,"SUM, Gimnasio"
CENTRO PARANÁ DE EXALUMNOS DE DON BOSCO,CLUB DEPORTIVO,3.0708365196E10,PARANÁ,PARANÁ,3.43424166E9,3.434550145E9,clubdonboscoPARANÁ@gmail.com,AVENIDA DON BOSCO,485.0,,,,@clubdonbosco,,"Fútbol, Softbol, Futsal, Hockey césped, Deportes Urbanos, Artes Marciales/deportes de contacto, Rugby, Fitness, Patinaje artístico",SIN DATOS,SIN DATOS,-31.7328421252778,-60.508216067473,"Cancha de Fútbol, Otros, SUM"
CLUB ATLETICO OLIMPIA,CLUB DEPORTIVO,3.0707520503E10,PARANÁ,PARANÁ,3.43534167E9,3.434675876E9,caoPARANÁ@gmail.com,LA RIOJA,153.0,,,www.clubolimpiaPARANÁ.paypertic.com.ar/,@olimpia_PARANÁ/,,Básquet,NO,SANITARIOS ACCESIBLES,-31.7326732994318,-60.523842304357,"Cancha Techada, cancha de basquet, SUM"
CLUB ATLETICO CATAMARCA CENTRAL,CLUB DEPORTIVO,3.0690448455E10,PARANÁ,PARANÁ,3.434226233E9,3.434226233E9,maxi_pna@hotmail.com,CONCORDIA,243.0,,,,@c.a.catamarca.central,,"Pelota paleta, Artes Marciales/deportes de contacto",SIN DATOS,SIN DATOS,-31.7319256861537,-60.53720514897,"cancha de pelota, SUM"
PREDIO NORTE COMPLEJO DEPORTIVO,PRIVADO,SIN CUIT 093,PARANÁ,PARANÁ,3.436987181E9,,,Fraternidad y Manuel Crespo,,,,,@predionorte.eventos,,Fútbol,SIN DATOS,SIN DATOS,-31.7314421962315,-60.4781544743617,Cancha de Fútbol
"SOCIEDAD UNION ARABE SOCIAL, CULTURAL Y DEPORTIVA",CLUB DEPORTIVO,3.0653229034E10,PARANÁ,PARANÁ,3.434220529E9,3.434661635E9,unionarabePARANÁ@arnetbiz.com.ar,ESPAÑA,353.0,,,,,https://www.facebook.com/unionarabePARANÁ/photos,"Fitness, Futsal, Hockey sobre patines, Voley",SIN DATOS,SIN DATOS,-31.731372961129,-60.535297585867,"Cancha Techada, Cancha de Hockey"
BOXING PARANÁ GLORIA ARTES MARCIALES,PRIVADO,SIN CUIT 049,PARANÁ,PARANÁ,,,,,,,,,@boxingPARANÁ/,,Boxeo,SIN DATOS,SIN DATOS,-31.731215497382,-60.5154653711648,Gimnasio
ASOCIACIÓN CIVIL CLUB RACING 1° DE JULIO,CLUB DEPORTIVO,3.3716355069E10,PARANÁ,PARANÁ,3.43514006E9,3.434746951E9,zampagisela@gmail.com,"BARRIO CONSEJO 07 S/N DE PARANÁ, CALLE TACUARÍ ANTES DE SUIPACHA AL LADO O",S/N,,,,@clubracing.PARANÁ,https://www.facebook.com/ClubRacing.PARANÁ/,"Fútbol, Fitness, Deportes Urbanos, Voley",SIN DATOS,SIN DATOS,-31.73071,-60.50757,"Gimnasio, Otros, Cancha de Fútbol, SUM"
Gimnasio Espiritu Marcial,PRIVADO,SIN CUIT 024,PARANÁ,PARANÁ,,,,,,,,,@gimnasioespiritumarcial_,https://www.facebook.com/gimnasioespiritumarcial/?locale=es_LA,Artes Marciales/deportes de contacto,SIN DATOS,SIN DATOS,-31.7301426325863,-60.4987146766452,Gimnasio
AGRUPACION DE FUTBOL INFANTIL LOS TORITOS DE CHICLANA,CLUB DEPORTIVO,3.0671222284E10,PARANÁ,PARANÁ,3.434241832E9,3.434385377E9,lostoritosdechiclana@hotmail.com,FRATERNIDAD Y AEBERHARDT,S/N,,,,,https://www.facebook.com/LosToritosOk/photos,Fútbol,SIN DATOS,SIN DATOS,-31.729723868554,-60.5039651758917,"Cancha de Fútbol, SUM"
CLUB SPORTIVO URQUIZA,CLUB DEPORTIVO,3.0690472194E10,PARANÁ,PARANÁ,3.434199113E9,3.434270239E9,sportivourquiza2011@hotmail.com,AMEGUINO ESQUINA BURNEISTER,595.0,,,,,https://www.facebook.com/sportivo.urquiza/?locale=es_LA,"Fútbol, Patinaje artístico, Futsal, Hockey sobre patines, Boxeo",SIN DATOS,SIN DATOS,-31.7288732181216,-60.5503194907704,"Cancha de Fútbol, Cancha Techada"
CLUB ATLETICO FOURNIER,CLUB DEPORTIVO,SIN CUIT 009,PARANÁ,PARANÁ,,,,,,,,,@club.fournierr,https://www.facebook.com/fournier.fournier.180/,"Hockey césped, Voley, Futsal, Deportes Urbanos, Básquet",SIN DATOS,SIN DATOS,-31.7277896883724,-60.5106699890127,"SUM, cancha de bochas, Otros"
UNIVERSIDAD AUTONOMA DE ENTRE RIOS (UADER),PREDIO UNIVERSITARIO,3.0707558691E10,PARANÁ,PARANÁ,343 447-3158,,bienestar@uader.edu.ar,,,COMPLEJO UNIVERSITARIO,,www.fhaycs-uader.edu.ar/,https://www.instagram.com/fcyt_bienestar?igsh=MWw1bThiemY3aGp5ag%3D%3D,https://www.facebook.com/deportesuader/?locale=es_LA,"Fútbol, Básquet , Hockey césped",NO,NINGUNA,-31.72737,-60.51448,Otros
CLUB SOCIAL Y DEPORTIVO JOSE HERNÁNDEZ,CLUB DEPORTIVO,3.0714837571E10,PARANÁ,PARANÁ,3.434193345E9,3.434773992E9,"ssantana57@hotmail.com
csd_josehernandez@hotmail.com",MARTIN FIERR0,1556.0,,,,,https://www.facebook.com/JoseHERNÁNDEZFS/?locale=es_LA,Futsal,SIN DATOS,SIN DATOS,-31.7271147680076,-60.4915061956172,Otros
CLUB ATLETICO BELGRANO,CLUB DEPORTIVO,3.0700178435E10,PARANÁ,PARANÁ,3.434076297E9,3.43455416E8,club.belgrano@hotmail.com,SALTA,700.0,,,www.belgranodePARANÁ.com.ar/inicio/,,,"Deportes Urbanos, Fútbol, Natación",SIN DATOS,SIN DATOS,-31.72708,-60.52129,"Cancha de Fútbol, Pileta Descubierta, SUM"
PARQUE ESCOLAR DR. ENRIQUE BERDUC,POLIDEPORTIVO MUNICIPAL,3.0690530348E10,PARANÁ,PARANÁ,,,,,,,,,,,"Atletismo, Tenis, Voley, Artes Marciales/deportes de contacto, Fútbol, Natación, Fitness, padel",SIN DATOS,SIN DATOS,-31.72596,-60.52001,"pista de atletismo, Cancha de Fútbol, Cancha Techada, Pileta Descubierta, cancha de padel, Otros"
CLUB CICLISTA PARANÁ,CLUB DEPORTIVO,3.0690459856E10,PARANÁ,PARANÁ,3.436202011E9,3.435122046E9,ciclista.adm@gmail.com,SANTIAGO DEL ESTERO,360.0,,,,,https://www.facebook.com/clubciclistaPARANÁ/photos?locale=es_LA,"Básquet, Ciclismo",SIN DATOS,SIN DATOS,-31.7255034260329,-60.5345692447246,
CLUB ATLETICO CENTRAL LAPRIDA,CLUB DEPORTIVO,3.071015715E10,PARANÁ,PARANÁ,3.434737759E9,3.435063859E9,luisvernay@hotmail.com,LAPRIDA,750.0,,,,,https://www.facebook.com/p/Club-laprida-100054347178262/?locale=es_LA,Bochas,SIN DATOS,SIN DATOS,-31.725243924979,-60.5388717785645,"cancha de bochas, SUM"
CLUB HIPICO PARANÁ,CLUB DEPORTIVO,3.0602860155E10,PARANÁ,PARANÁ,3.434286343E9,3.434244631E9,carenzomarta@gmail.com,LOPEZ JORDAN Y ACCESO NORTE,S/N,,,,,,Hipismo,SIN DATOS,SIN DATOS,-31.722220209743,-60.5278578877576,
CLUB ATLETICO TALLERES MINISTERIO DE OBRAS PUBLICAS,CLUB DEPORTIVO,3.0690472402E10,PARANÁ,PARANÁ,3.436223729E9,,juancarlos_mosqueda@yahoo.com.ar,AMBROSETTI,364.0,,,,,https://www.facebook.com/profile.php?id=100064539435986&sk=photos&locale=es_LA,"Atletismo, Fútbol, Boxeo",SIN DATOS,SIN DATOS,-31.72139953253,-60.5086455158889,"Cancha de Fútbol, Otros, Gimnasio, SUM"
CLUB ATLETICO ESTUDIANTES,CLUB DEPORTIVO,3.052916845E10,PARANÁ,PARANÁ,3.434222484E9,,administracion@caePARANÁ.com.ar,LOS VASCOS,729.0,,,www.caepara.com.ar,"@caePARANÁ
@caelucha/",https://www.facebook.com/CAEPARANÁ/?locale=es_LA,"Básquet , Hockey césped, Rugby, Atletismo, Natación, Voley, Tenis, Golf, Artes Marciales/deportes de contacto",SIN DATOS,SIN DATOS,-31.72012,-60.53867,"Campo de Golf, Cancha de Rugby, pista de atletismo, cancha de basquet, cancha de tenis, Pileta Descubierta, Cancha de Hockey, Cancha Techada, Pileta Techada, SUM, Otros, Gimnasio, Cancha hockey cesped"
CLUB DE TENIS JUSTO JOSE DE URQUIZA,CLUB DEPORTIVO,3.0521106987E10,PARANÁ,PARANÁ,3.4343134E9,3.435165545E9,clubdetenisurquiza@hotmail.com,LOS VASCOS,749.0,,,www.clubdetenisurquiza.com.ar/,,https://www.facebook.com/clubdetenis.fiestas/about?locale=es_LA,Tenis,SIN DATOS,SIN DATOS,-31.7196897862758,-60.5371440773749,"cancha de tenis, SUM"
PARANÁ ROWING CLUB,CLUB DEPORTIVO,3.052974258E10,PARANÁ,PARANÁ,3.435109294E9,,,"AV. COSTANERA, AV. LAURENCENA",S/N,,,www.PARANÁrowingclub.com.ar/,@PARANÁrowingclub/,https://www.facebook.com/PARANÁRowingClub/,"Rugby, Básquet , Tenis, Náuticos, Hockey césped, Natación, Deportes Urbanos, Voley, OTROS, Hockey sobre patines",SIN DATOS,SIN DATOS,-31.7180123190835,-60.5319990732955,"Cancha de Fútbol, Pileta Descubierta, Cancha Techada, Cancha de Rugby, SUM, Cancha de Hockey, Otros, Cancha hockey cesped, Cajon de arena"
SKATEPARK PARANÁ,POLIDEPORTIVO MUNICIPAL,SIN CUIT 034,PARANÁ,PARANÁ,,,,,,,,,https://www.instagram.com/sk8PARANÁ/,,Deportes Urbanos,SIN DATOS,SIN DATOS,-31.7157381368188,-60.5390527686797,skatepark
CLUB DE PESCADORES Y NAUTICO PARANÁ,CLUB DEPORTIVO,3.0671215156E10,PARANÁ,PARANÁ,3.434548585E9,3.434319576E9,clubdepescadoresPARANÁ@hotmail.com,AV. COSTANERA AL FINAL (PUERTO VIEJO),S/N,,,,,https://www.facebook.com/clubdepescadores/?locale=es_LA,"Pesca, Natación, Náuticos, Artes Marciales/deportes de contacto, Fitness",SIN DATOS,SIN DATOS,-31.7144869120317,-60.5380680038871,"Pileta Descubierta, Otros, SUM, Gimnasio"
CLUB NAUTICO PARANÁ,CLUB DEPORTIVO,3.0613045054E10,PARANÁ,PARANÁ,3.434331495E9,3.434331609E9,ruben.cettour@clubnauticoPARANÁ.com.ar,AVDA. URANGA,S/N,,,www.clubnauticoPARANÁ.com/,,,"Náuticos, Pesca",SIN DATOS,SIN DATOS,-31.7128434420009,-60.50363545329,"Otros, SUM, Cajon de arena"
Camping Toma Vieja,POLIDEPORTIVO MUNICIPAL,SIN CUIT 073,PARANÁ,PARANÁ,,,,Blas Parera,3914.0,,,,,,"Futsal, Natación",SIN DATOS,SIN DATOS,-31.7038131478984,-60.4828360333321,Pileta Descubierta
CLUB SAN LORENZO DE COLONIA CRESPO,CLUB DEPORTIVO,3.3709935629E10,COLONIA CRESPO,PARANÁ CAMPAÑA,,,lorenzosanclub@gmail.com,RUTA NACIONAL 12 KM. 35,,,,,,https://www.facebook.com/clubsanlorenzoCOLÓNiacrespo2021/?ref=page_internal,Fútbol,SIN DATOS,SIN DATOS,-31.68261,-60.23232,Cancha de Fútbol
CLUB ATLÉTICO MARÍA GRANDE,CLUB DEPORTIVO,3.0690481827E10,MARIA GRANDE,PARANÁ CAMPAÑA,3.434941393E9,3.434163853E9,atleticomariagrande@gmail.com,HIPOLITO YRIGOYEN,686.0,,,,@club_atletico_maria_grande,,"Básquet, Fútbol",SIN DATOS,SIN DATOS,-31.6639630757073,-59.9021686773778,"cancha de basquet, Cancha de Fútbol, Cancha Techada, SUM"
CLUB ATLETICO LITORAL,CLUB DEPORTIVO,3.0690473328E10,MARIA GRANDE,PARANÁ CAMPAÑA,3.434941549E9,3.43491545E8,clubatleticolitoral@gmail.com,SARMIENTO ESQUINA LIBERTAD,1025.0,,,,,https://www.facebook.com/p/CLUB-ATLETICO-LITORAL-100063624217456/?locale=es_LA,"Fútbol, Básquet, padel, Natación",SI,"DÁRSENA DE LLEGADA, ESTACIONAMIENTOS ACCESIBLES, ACCESO ADECUADO",-31.6604673525511,-59.9133892379981,"Cancha de Fútbol, Pileta Descubierta, Cancha Techada, cancha de padel, Otros, cancha de basquet, SUM, Cajon de arena"
ASOCIACION SOCIAL Y DEPORTIVA DIEGO MARADONA,CLUB DEPORTIVO,3.0714707457E10,MARIA GRANDE,PARANÁ CAMPAÑA,3.434941079E9,3.436337882E9,asociacion.maradona@hotmail.com,SIMON BOLIVAR,648.0,,,,,https://www.facebook.com/asociacion.maradona/photos?locale=es_LA,Fútbol,SIN DATOS,SIN DATOS,-31.6555298295359,-59.8941849777498,Cancha de Fútbol
CLUB CICLISTA UNIDOS,CLUB DEPORTIVO,3.0710470177E10,SAN SALVADOR,SAN SALVADOR,3.456254504E9,3.454094161E9,evelynjanetramirez99@gmail.com,CRESPIN VELZQUES,767.0,,,,@clubciclistaunidos,https://www.facebook.com/clubciclista.unidossansalvador/?locale=es_LA,"padel, Tenis, Natación, Ciclismo, Golf, Hockey césped",SIN DATOS,SIN DATOS,-31.64580498369,-58.5357136175429,"Pileta Descubierta, cancha de tenis, Otros, cancha de padel, Campo de Golf, Cancha de Hockey, Cancha hockey cesped"
CLUB SOCIAL DEPORTIVO Y CULTURAL NUEVA ESCOCIA,CLUB DEPORTIVO,3.0709974412E10,NUEVA ESCOCIA,CONCORDIA,3.45499586E9,3.45413033E9,diegomarty_uno@hotmail.com,CALLE PÚBLICA,S/N,,,,@cscydnuevaescocia,https://www.facebook.com/people/Club-Social-Cultural-y-Deportivo-Nueva-Escocia/100063457239713/,Fútbol,SIN DATOS,SIN DATOS,-31.6440175249224,-58.0190344371803,Cancha de Fútbol
CLUB DEPORTIVO FERROCARRIL,CLUB DEPORTIVO,3.0707318917E10,SAN SALVADOR,SAN SALVADOR,3.454194517E9,3.454032789E9,edubejarano@hotmail.com.ar,FRANCISCO MALARIN,225.0,Cancha de futbol,"-31.639667489135416, -58.49868362077883",,@ferrosansalvador,https://www.facebook.com/FerrocarrilSanSalvador/?locale=es_LA,"Fútbol, Básquet , Natación, Bochas",NO,"DÁRSENA DE LLEGADA, ESTACIONAMIENTOS ACCESIBLES, ANCHO DE PASILLOS",-31.6297938667814,-58.5025448758135,"Pileta Descubierta, cancha de basquet, cancha de bochas, Cancha Techada, Cancha de Fútbol, SUM"
CLUB SPORTIVO SAN SALVADOR,CLUB DEPORTIVO,3.0670756072E10,SAN SALVADOR,SAN SALVADOR,3.455283344E9,3.456261438E9,sportivosansalvador@yahoo.com.ar,TTE. GUTIERREZ,145.0,,,,@sportivosansalv,https://www.facebook.com/sportivosansalvador/?locale=es_LA,"Básquet, Gimnasia Artística, Fitness",NO,"ACCESO ADECUADO, PUERTAS ACCESIBLES, ANCHO DE PASILLOS",-31.6274844670007,-58.5041286631072,"cancha de basquet, Cancha Techada, Gimnasio"
CLUB ATLETICO PROGRESO UNIDOS,CLUB DEPORTIVO,3.0670814463E10,SAN SALVADOR,SAN SALVADOR,3.454143067E9,3.45416199E9,cristhianpastorini@gmail.com,A.V. SARMIENTO,180.0,,,,,https://www.facebook.com/p/Club-A-Progreso-Unidos-100066840934799/,Fútbol,SIN DATOS,SIN DATOS,-31.6254454033123,-58.516603713493,Cancha de Fútbol
SKATEPARK SAN SALVADOR,POLIDEPORTIVO MUNICIPAL,SIN CUIT 094,SAN SALVADOR,SAN SALVADOR,,,,,,,,,,,Deportes Urbanos,SIN DATOS,SIN DATOS,-31.625198176615,-58.514076385852,skatepark
AGRUPACIÓN ATLÉTICA LA PANTERA,CLUB DEPORTIVO,3.070936172E10,SAN SALVADOR,SAN SALVADOR,3.454031434E9,3.456024456E9,alfredobouvet@gmail.com,AV. DE LOS RUSOS,1097.0,,,,,https://www.facebook.com/groups/242211212566233/,"Atletismo, Fitness",SIN DATOS,SIN DATOS,-31.62258,-58.5152,
ALBERGUE DEPORTIVO MUNICIPAL,POLIDEPORTIVO MUNICIPAL,SIN CUIT 074,SAN SALVADOR,SAN SALVADOR,,,,,,,,https://sansalvadorer.gob.ar/desarrollo-humano/recintos-deportivos/,,,"Básquet, Voley",SIN DATOS,SIN DATOS,-31.6225396747474,-58.5144072080533,"cancha de basquet, Otros"
CLUB ATLETICO UNION Y FRATERNIDAD,CLUB DEPORTIVO,3.0707318216E10,SAN SALVADOR,SAN SALVADOR,3.45401721E9,3.45401721E9,cardozomaurogabriel@yahoo.com.ar,SANTA TERESITA,75.0,Cancha de futbol 11,"-31.615322553209836, -58.51892928930795",,@unionyfraternidadsansa,,"Fútbol, Bochas, Artes Marciales/deportes de contacto, Voley, Patinaje artístico, Básquet",NO,"DÁRSENA DE LLEGADA, ESTACIONAMIENTOS ACCESIBLES, ACCESO ADECUADO, PUERTAS ACCESIBLES, ANCHO DE PASILLOS, RAMPAS, VESTUARIOS ACCESIBLES",-31.6219872875722,-58.5054527053932,"Cancha de Fútbol, cancha de basquet, SUM, cancha de bochas, Gimnasio, Otros"
CLUB ATLÉTICO EL PINGO,CLUB DEPORTIVO,3.0712033335E10,EL PINGO,PARANÁ CAMPAÑA,3.434657381E9,3.434657381E9,sofiwerner07@gmail.com,,,,,,@club.atleticoelpingo,,Fútbol,SIN DATOS,SIN DATOS,-31.5848496374752,-59.8915231870533,"SUM, Cancha de Fútbol"
CLUB UNION AGRARIOS CERRITO,CLUB DEPORTIVO,3.0671203522E10,CERRITO,PARANÁ CAMPAÑA,3.434890619E9,3.435119313E9,clubunionagrarios@gmail.com,FLORIDA Y SAN MARTIN,S/N,,,www.clubunionagrarios.com.ar/,@clubunionagrarioscerrito,https://www.facebook.com/clubunionagrarios/?locale=es_LA,"Fútbol, Hockey césped, Patinaje artístico, Tenis, Voley, Bochas",SIN DATOS,SIN DATOS,-31.58419334797,-60.0750589146917,"Cancha de Fútbol, Cancha Techada"
CLUB ATLETICO PUERTO YERUÁ,CLUB DEPORTIVO,3.0710897634E10,PUERTO YERUÁ,CONCORDIA,3.45629949E8,3.454122741E9,clubatleticopuertoyerua@gmail.com,AVDA. SAN MARTÍN,S/N,,,,@clubatleticopuerto,https://www.facebook.com/club.atletico.puerto.yerua/,Fútbol,SIN DATOS,SIN DATOS,-31.532854380754905,-58.0122201322199,Cancha de Fútbol
CLUB ATLÉTICO JUVENTUD UNIDA,CLUB DEPORTIVO,3.0709329584E10,GENERAL CAMPOS,SAN SALVADOR,3.454042635E9,3.454182999E9,joseluismarzoratti@hotmail.com,JJ DE URQUIZA,344.0,,,,@club_atleticojuventudunida,https://www.facebook.com/CAJUGralCampos/?locale=es_LA,Fútbol,SIN DATOS,SIN DATOS,-31.5237781917429,-58.4045937469292,"Cancha de Fútbol, SUM"
ASOCIACION CIVIL CLUB DEPORTIVO SOMBRAS,CLUB DEPORTIVO,3.0715955365E10,GENERAL CAMPOS,SAN SALVADOR,3.454945334E9,3.454222012E9,jaumegriselda@gmail.com,SAN MARTIN,744.0,,,,,,Básquet,SIN DATOS,SIN DATOS,-31.5206695076845,-58.4083401275489,
POLIDEPORTIVO MUNICIPAL DE GENERAL CAMPOS,POLIDEPORTIVO MUNICIPAL,SIN CUIT 085,GENERAL CAMPOS,SAN SALVADOR,,,,,,,,,,,"Fútbol, Voley, Natación",SIN DATOS,SIN DATOS,-31.5194996327124,-58.4095087675173,"Cancha de Fútbol, Pileta Descubierta, Otros, Cancha Techada, SUM"
CLUB DEPORTIVO Y CULTURAL JUVENTUD SARMIENTO,CLUB DEPORTIVO,3.0707508031E10,HASENKAMP,PARANÁ CAMPAÑA,3.434477197E9,3.434593642E9,clubjuventudsarmiento@gmail.com,ANDRADE,370.0,,,www.cjuventudsarmiento.blogspot.com,https://www.instagram.com/clubjuvsarmiento/,https://www.facebook.com/clubjuventudsarmiento/?locale=es_LA,"Fútbol, Básquet , Voley, Pelota paleta",SIN DATOS,SIN DATOS,-31.5135923897879,-59.839375330043,"Cancha de Fútbol, Cancha Techada, cancha de pelota"
CLUB ATLETICO HASENKAMP,CLUB DEPORTIVO,3.0709693316E10,HASENKAMP,PARANÁ CAMPAÑA,4.344930467E9,3.434252982E9,c.atletico.hasenkamp@gmail.com,RUTA PROVINCIAL 32,0.0,,,,,https://www.facebook.com/photo.php?fbid=844364264150493&set=pb.100057307825016.-2207520000&type=3&locale=es_LA,"Fútbol, Natación, padel, Tenis, Fitness",SIN DATOS,SIN DATOS,-31.50594,-59.83601,"Cancha de Fútbol, cancha de tenis, cancha de padel, Gimnasio, Otros, SUM, Pileta Descubierta"
CLUB ATLETICO SAN MARTIN,CLUB DEPORTIVO,3.0715064983E10,ESTANCIA GRANDE,CONCORDIA,3.454324868E9,3.454222012E9,frejtmanyasoc@hotmail.com,CALABACIL,22.0,,,,,https://www.facebook.com/p/Club-Atl%C3%A9tico-San-Mart%C3%ADn-de-Calabacilla-100076113174182/?locale=es_LA,Fútbol,SIN DATOS,SIN DATOS,-31.5047678739952,-58.1341557815409,Cancha de Fútbol
UNION FOOT BALL CLUB,CLUB DEPORTIVO,3.0681081484E10,ALCARÁZ,LA PAZ,,,unionfootballclubALCARÁZ@gmail.com,,,,,,https://www.instagram.com/unionfootballclubalcaraz/?hl=en,https://www.facebook.com/UnionFootBallClubAlcaraz/,"Fútbol, Hockey césped",SIN DATOS,SIN DATOS,-31.4566197462729,-59.59566275329,"Cancha de Fútbol, SUM, Cancha de Hockey, Cancha hockey cesped"
CLUB DEPORTIVO ESTANCIA GRANDE,CLUB DEPORTIVO,3.0714563072E10,ESTANCIA GRANDE,CONCORDIA,3.454222012E9,3.454170353E9,jdanielponce@hotmail.com,2 KM AL,S/N,,,,@clubdeportivo_estanciagrande,https://www.facebook.com/clubAEG/?locale=es_LA,Fútbol,SIN DATOS,SIN DATOS,-31.4551100607627,-58.1691456760018,Cancha de Fútbol
CLUB SOCIAL Y DEPORTIVO JUVENTUD UNIDA DE BENITO LEGEREN,CLUB DEPORTIVO,3.0710915284E10,CONCORDIA,CONCORDIA,3.454927462E9,3.454097071E9,"joseratonsosa@gmail.com
club.socydep.junidabl@gmail.com",SANTA CRUZ Y JUVENTUD UNIDA,S/N,,,,,https://www.facebook.com/profile.php/?id=61562093362609,Fútbol,SIN DATOS,SIN DATOS,-31.432453303598,-58.0704365845803,"Cancha de Fútbol, SUM"
CLUB COMUNICACIONES CONCORDIA,CLUB DEPORTIVO,3.071170569E10,CONCORDIA,CONCORDIA,3.454134122E9,3.454050022E9,clubcomunicacionesconcordia@gmail.com,SAN JUAN,50.0,,,,@comuconcordia,https://www.facebook.com/profile.php?id=100046316036422,Fútbol,SIN DATOS,SIN DATOS,-31.4073002131027,-58.013715031874,Cancha de Fútbol
TIRO FEDERAL ARGENTINO DE CONCORDIA,CLUB DEPORTIVO,3.0709654043E10,CONCORDIA,CONCORDIA,3.45422792E9,3.455089458E9,tirofederalconcordfia@gmail.com,25 DE MAYO,24.0,,,,,https://www.facebook.com/p/Tiro-Federal-Argentino-de-Concordia-100063527534889/,tiro deportivo,SIN DATOS,SIN DATOS,-31.4072486316235,-58.0246074891766,Otros
CLUB ATLÉTICO VICTORIA,CLUB DEPORTIVO,3.0714390763E10,CONCORDIA,CONCORDIA,3.454138319E9,3.454077316E9,miry-ale-lacruz@live.com.ar,43976.0,100.0,,,,@club.atletico.victoria,https://www.facebook.com/p/Club-Atletico-Victoria-El-Historico-100054437382122/?locale=es_LA,Fútbol,SIN DATOS,SIN DATOS,-31.406008656396,-58.024198222647,Cancha de Fútbol
CLUB ATLETICO WANDERERS,CLUB DEPORTIVO,3.3711257409E10,CONCORDIA,CONCORDIA,3.454089616E9,3.454089617E9,terra.pampa@hotmail.com,SAN JUAN Y SCATTINI,S/N,,,,@wanderers_100,https://www.facebook.com/p/Wanderers-Concordia-Camino-al-Centenario-1921-2021-100063769173043/?locale=es_LA,Fútbol,SIN DATOS,SIN DATOS,-31.4059295479098,-58.0145928181534,Cancha de Fútbol
CAMPO DE LOS DEPORTES,POLIDEPORTIVO MUNICIPAL,SIN CUIT 007,CONCORDIA,CONCORDIA,,,,CONCORDIA,3200.0,,,,,,"Rugby, Hockey sobre patines",SIN DATOS,SIN DATOS,-31.4046,-58.01096,"Otros, Cancha de Rugby, Cancha de Hockey"
CLUB SPORTIVO LOCOMOTORA,CLUB DEPORTIVO,3.0707181377E10,CONCORDIA,CONCORDIA,3.454217063E9,3.454329896E9,mariafink33@hotmail.com,ZORRAQUIN,76.0,,,,,https://www.facebook.com/groups/1952406008356075/?locale=es_LA,"Artes Marciales/deportes de contacto, Bochas",SIN DATOS,SIN DATOS,-31.4045163355355,-58.0220527664216,"SUM, cancha de bochas"
CLÍNICA MUNICIPAL DEL DEPORTISTA,POLIDEPORTIVO MUNICIPAL,SIN CUIT 039,CONCORDIA,CONCORDIA,,,,,,,,,,https://www.facebook.com/p/Clinica-Municipal-para-el-Deportista-Concordia-100063702986552/,,SIN DATOS,SIN DATOS,-31.4044014304113,-58.0170613770258,"Gimnasio, Otros"
SARMIENTO FOOTBALL CLUB,CLUB DEPORTIVO,3.0670837943E10,CONCORDIA,CONCORDIA,3.454219778E9,3.454323313E9,natacha_aja@hotmail.com,25 DE MAYO,156.0,,,,https://www.instagram.com/sarmiento.f.c.concordia,,Fútbol,SIN DATOS,SIN DATOS,-31.4031238046448,-58.0243169502732,"Cancha de Fútbol, SUM, Cancha Techada"
CONCORDIA TENIS CLUB,CLUB DEPORTIVO,3.0569363248E10,CONCORDIA,CONCORDIA,3.454099878E9,3.454323315E9,concordiatenis.adm@gmail.com,BOLIVIA,S/N,,,,@concordiatenis,(1) Facebook,Tenis,SIN DATOS,SIN DATOS,-31.4030513064164,-58.0092750591613,"cancha de tenis, SUM, Otros"
CLUB ATLETICO LIBERTAD,CLUB DEPORTIVO,3.0567672723E10,CONCORDIA,CONCORDIA,3.454211211E9,3.454929142E9,sanmaredu@hotmail.com,"ROQUE SAENZ PENA/
CARRIEGO",321/ 550,,,INICIO | lobolibertad,@libertadconcordia,(1) Club Atlético Libertad Oficial | Facebook,"Fútbol, Hockey césped",SIN DATOS,SIN DATOS,-31.4022885733549,-58.0080263389283,Cancha de Fútbol
CENTRO EX ALUMNOS CAPUCHINOS (CLUB CAPUCHINOS CONCORDIA),CLUB DEPORTIVO,3.0708022507E10,CONCORDIA,CONCORDIA,3.454341078E9,3.456257236E9,capuchinosconcordia@gmail.com,RIVADAVIA,426.0,,,,https://www.instagram.com/capuchinosconcordia/,https://www.facebook.com/clubcapuchinosconcordia?locale=es_LA,Básquet,SIN DATOS,SIN DATOS,-31.4018860892564,-58.013611598581,"Cancha Techada, cancha de basquet"
CLUB ATLETICO SOCIAL Y DEPORTIVO SAN LORENZO DE VILLA ADELA,CLUB DEPORTIVO,3.0711016453E10,CONCORDIA,CONCORDIA,3.45407875E9,3.45407875E9,sanlorenzovillaadelaclub@gmail.com,IDELFONSA CUADRADO Y PABLO VI,S/N,,,,@sanlorenzo_va,https://www.facebook.com/SanLorenzoVA/?locale=es_LA,Fútbol,SIN DATOS,SIN DATOS,-31.4013794710576,-58.0727054274867,"Cancha de Fútbol, SUM, cancha de basquet"
SANTA MARIA DE ORO FUTBOL CLUB,CLUB DEPORTIVO,3.0708304529E10,CONCORDIA,CONCORDIA,3.454280979E9,3.454222012E9,rodriguezangeloscar03@gmail.com,LAPRIDA,337.0,,,,,https://www.facebook.com/santamariadeorofcoficial/?locale=es_LA,Fútbol,SIN DATOS,SIN DATOS,-31.4012045762351,-58.0262904094368,Cancha de Fútbol
CLUB ESTUDIANTES CONCORDIA,CLUB DEPORTIVO,3.0709366781E10,CONCORDIA,CONCORDIA,3.454210289E9,3.45409307E9,clubestudiantesconcordia@yahoo.com.ar,SAN LUIS Y STA. MARIA DE ORO,,,,,@clubestudiantesconcordia,https://www.facebook.com/clubestudiantesconcordia/?locale=es_LA,"Básquet, Fútbol, Voley, Artes Marciales/deportes de contacto, Futsal",SIN DATOS,SIN DATOS,-31.4006187546046,-58.0206002636294,"cancha de basquet, Cancha Techada, SUM"
CLUB DE PESCA CONCORDIA ASOCIACIÓN,CLUB DEPORTIVO,3.0506752384E10,CONCORDIA,CONCORDIA,3.456021833E9,3.454980673E9,clubpescaconcordia1929@gmail.com,GASTELACOTO,199.0,,,,@clubpescaconcordia,(1) Facebook,"Voley, Náuticos, Hockey césped, Fútbol, Pesca",SIN DATOS,SIN DATOS,-31.4002746007692,-57.9997480264706,"Otros, Cancha de Hockey, Cajon de arena, Cancha hockey cesped"
CLUB DE LUCHAS KAESHI,PRIVADO,SIN CUIT 045,CONCORDIA,CONCORDIA,,,,,,,,,,https://www.facebook.com/p/Kaeshi-Club-de-Luchas-100063741152312/?locale=es_LA,Artes Marciales/deportes de contacto,SIN DATOS,SIN DATOS,-31.3998647850176,-58.0193774563156,"Gimnasio, SUM"
CLUB REGATAS CONCORDIA,CLUB DEPORTIVO,3.0506754743E10,CONCORDIA,CONCORDIA,3.454212663E9,3.454020762E9,clubregatconcordia@gmail.com,GASTELACOTO,S/N,,,,@clubregatas_,(1) Facebook,"Fútbol, Natación, Náuticos, Hockey césped",SIN DATOS,SIN DATOS,-31.3993588383417,-57.9984659306068,"Cancha de Fútbol, SUM, Pileta Descubierta"
CLUB ATLETICO FERROCARRIL,CLUB DEPORTIVO,3.0670837323E10,CONCORDIA,CONCORDIA,3.454212636E9,3.454012799E9,clubferroconcordia@gmail.com,BUENOS AIRES,235.0,,,www.clubferroconcordia.com.ar,@ferrocarrilconcordia,https://www.facebook.com/FerrocarrilConcordia,"Fútbol, Básquet , Patinaje artístico, Voley, Gimnasia Artística, Artes Marciales/deportes de contacto, Handball, Boxeo",SIN DATOS,SIN DATOS,-31.3992867894259,-58.0141961043097,"cancha de basquet, Cancha Techada, SUM, Cancha de Fútbol"
SKATEPARK CONCORDIA,POLIDEPORTIVO MUNICIPAL,SIN CUIT 036,CONCORDIA,CONCORDIA,,,,AVENIDA DEL RIO ESQ CALLE INTERNA,,,,,,https://www.facebook.com/p/Skatepark-Concordia-100067005277346/,Deportes Urbanos,SIN DATOS,SIN DATOS,-31.3990520923033,-58.0020444067454,skatepark
CLUB ATLETICO RIO URUGUAY,CLUB DEPORTIVO,3.3651335529E10,CONCORDIA,CONCORDIA,3.454217677E9,3.454342378E9,clubriouruguayconcordia@hotmail.com,PRESBITERO DEL CASTILLO,625.0,,,,https://www.instagram.com/clubriouruguaypadel/,https://www.facebook.com/profile.php?id=100070230018928,"Artes Marciales/deportes de contacto, padel",SIN DATOS,SIN DATOS,-31.3984633004407,-58.0103406142275,"cancha de padel, SUM"
CLUB VASCO ARGENTINO,CLUB DEPORTIVO,3.0708668202E10,CONCORDIA,CONCORDIA,3.454211652E9,3.456254763E9,miguel_78_421@hotmail.com,ALBERDI,170.0,,,,@clubvascoargentino/,https://www.facebook.com/p/Club-Vasco-Argentino-100063841320361/,"Pelota paleta, Fitness",SIN DATOS,SIN DATOS,-31.3963760580017,-58.0148668803836,"cancha de pelota, Gimnasio"
GIMNASIO MUNICIPAL DE CONCORDIA,POLIDEPORTIVO MUNICIPAL,SIN CUIT 006,CONCORDIA,CONCORDIA,,,,SAN JUAN Y CORRIENTES,,,,,Subsecretaría de Deportes. (@concordia.deportes) • Fotos y videos de Instagram,,"Voley, Futsal",SIN DATOS,SIN DATOS,-31.3948128205304,-58.0125667676469,Cancha Techada
TANABE DOJO,PRIVADO,SIN CUIT 050,CONCORDIA,CONCORDIA,,,,,,,,,,https://www.facebook.com/tanabedojo/?locale=es_LA,Artes Marciales/deportes de contacto,SIN DATOS,SIN DATOS,-31.394533772744,-58.0084977314033,SUM
UNIVERSIDAD TECNOLÓGICA NACIONAL (UTN),PREDIO UNIVERSITARIO,3.0546671166E10,CONCORDIA,CONCORDIA,,,,,,,,www.frcon.utn.edu.ar/deportes/,,,,SIN DATOS,SIN DATOS,-31.3942684562272,-58.0117295416538,
"CLUB SOCIAL Y DEPORTIVO ""JOSÉ NICOLÁS RUSSO""",CLUB DEPORTIVO,3.3708662459E10,CONCORDIA,CONCORDIA,3.455290362E9,3.45529272E9,estudiofuser1377@gmail.com,ITUZAINGO,724.0,,,,@russo.jn,Club Jose Nicolas Russo | Concordia | Facebook,"Bochas, padel",SIN DATOS,SIN DATOS,-31.3940171363922,-58.0264816634107,"cancha de bochas, SUM, cancha de padel"
ASOCIACION CLUB SOCIAL Y DEPORTIVO TEMPERLEY CONCORDIA,CLUB DEPORTIVO,3.0716756137E10,CONCORDIA,CONCORDIA,3.454114182E9,3.454153141E9,hockeypatintemperley@gmail.com,MONTEVIDEO,271.0,,,,@temperleyconcordia,https://www.facebook.com/p/Club-Temperley-Social-y-Deportivo-Concordia-100063607779391/?locale=es_LA,"Básquet , Voley, Fitness, Boxeo, Artes Marciales/deportes de contacto",SIN DATOS,SIN DATOS,-31.3915075440995,-58.0116532905416,"cancha de basquet, Gimnasio"
CLUB DEFENSORES DEL BARRIO NEBEL,CLUB DEPORTIVO,3.0710311362E10,CONCORDIA,CONCORDIA,3.45433905E9,3.454017039E9,68caco@gmail.com,AV CHAJARÍ,0.0,,,,@cdbnoficial,https://www.facebook.com/cdbnebel14/?locale=es_LA,"Fútbol, Futsal",SIN DATOS,SIN DATOS,-31.3911811053154,-57.9974052343178,Cancha de Fútbol
CLUB DEFENSORES DE POMPEYA,CLUB DEPORTIVO,3.0710645511E10,CONCORDIA,CONCORDIA,3.454218527E9,3.455209243E9,ttamaquinas@arnet.com.ar,HUMBERTO PRIMO,880.0,,,,,,Fútbol,SIN DATOS,SIN DATOS,-31.3905773483156,-58.0302581802901,SUM
CLUB ATLETICO ALUMNI,CLUB DEPORTIVO,3.0688778065E10,CONCORDIA,CONCORDIA,3.454216513E9,3.454946611E9,dariomorilla@yahoo.com.ar,P. DEL CASTILLO,1072.0,,,,,https://www.facebook.com/p/Club-Alumni-Concordia,"Bochas, Gimnasia Artística, Futsal, Básquet",SIN DATOS,SIN DATOS,-31.3902744009604,-58.0087887072895,"cancha de bochas, cancha de basquet, SUM"
CLUB ATLETICO COLEGIALES,CLUB DEPORTIVO,3.0709678678E10,CONCORDIA,CONCORDIA,3.454160955E9,3.454160955E9,clubcolegiales@hotmail.com,PERU,833.0,,,,@clubcolegialesoficial,https://www.facebook.com/p/Club-atl%C3%A9tico-colegiales-100064076763340/,Fútbol,SIN DATOS,SIN DATOS,-31.3890719350701,-58.0454910399636,Cancha de Fútbol
CESITABOX,PRIVADO,SIN CUIT 051,CONCORDIA,CONCORDIA,,,,,,,,,https://www.instagram.com/cesitabox/?hl=es,,Boxeo,SIN DATOS,SIN DATOS,-31.3871640075798,-58.0196094040972,Gimnasio
GIMNASIO KANPEKI,PRIVADO,SIN CUIT 052,CONCORDIA,CONCORDIA,,,,PIROVANO,458.0,,,,https://www.instagram.com/gimnasio.kanpeki/?hl=es,https://www.facebook.com/gimnasio.kanpeki/?locale=es_LA,"Gimnasia Artística, Fitness",SIN DATOS,SIN DATOS,-31.3865504166003,-58.0257841766949,"Gimnasio, SUM"
CENTRO DE CONVENCIONES DE CONCORDIA,POLIDEPORTIVO MUNICIPAL,SIN CUIT 005,CONCORDIA,CONCORDIA,3.4542913E9,,info@centroconvenciones.gob.ar,SAN LORENZO OESTE,101.0,,,Centro de Convenciones | Municipalidad de Concordia,,https://www.facebook.com/ccconcordiaer/?locale=es_LA,OTROS,SIN DATOS,SIN DATOS,-31.384345899071,-58.0180488482611,
SOCIEDAD PARQUE VICTORIA,CLUB DEPORTIVO,3.0570760277E10,CONCORDIA,CONCORDIA,3.45422312E9,3.456020444E9,info@clubvictoriapark.com.ar,BELGRANO,1423.0,,,,https://www.instagram.com/club.victoria.park,https://www.facebook.com/Concordia-Tenis-Club-100052711395393/,Tenis,SI,SIN DATOS,-31.3842142916399,-58.0019109761302,"cancha de tenis, Pileta Descubierta, SUM"
UNIVERSIDAD NACIONAL DE ENTRE RIOS (UNER),PREDIO UNIVERSITARIO,3.0562252157E10,CONCORDIA,CONCORDIA,,,,,,,,www.estudia.uner.edu.ar/deportes/,"uneroficial
https://www.instagram.com/bienestar.uner/",https://www.facebook.com/UNERoficial/?locale=es_LA,"Voley, Fútbol, Básquet , Handball, Fitness",SIN DATOS,SIN DATOS,-31.3816990154944,-58.0225865472179,"Cancha de Fútbol, Cancha Techada, cancha de basquet, Gimnasio"
DOJO YOSHITAKA KARATE JKA,PRIVADO,SIN CUIT 053,CONCORDIA,CONCORDIA,,,,REPÚBLICA DE BRASIL,312.0,,,,https://www.instagram.com/karate.yoshitaka.jka/?hl=es,https://www.facebook.com/karate.yoshitaka.jka/?locale=es_LA,Artes Marciales/deportes de contacto,SIN DATOS,SIN DATOS,-31.3805711706772,-58.0070334558773,"Gimnasio, SUM"
ASOCIACION ENTRERRIANA DE KARATE,CLUB DEPORTIVO,3.0708306106E10,CONCORDIA,CONCORDIA,3.454222012E9,3.454040259E9,frejtmanyasoc@hotmail.com,REP. DE BRASIL,312.0,,,,@asociacionentrerrianadekarate,https://www.facebook.com/p/Asociacion-Entrerriana-De-Karate-100083550543053/,Artes Marciales/deportes de contacto,SIN DATOS,SIN DATOS,-31.3805345404955,-58.00718753497,SUM
CLUB SPORTIVO LAS HERAS,CLUB DEPORTIVO,3.0709476498E10,CONCORDIA,CONCORDIA,3.454254964E9,3.454128177E9,lasheras.04@hotmail.com,DR. DEL CERRO,1441.0,,,,,,Fútbol,SIN DATOS,SIN DATOS,-31.3775903601053,-58.0437675055046,
CLUB UNIÓN,CLUB DEPORTIVO,3.0711058458E10,CONCORDIA,CONCORDIA,3.454024214E9,3.454254101E9,prensaclubunionconcordia@gmail.com,LA PAMPA Y J.J SOLA,S/N,Cancha de fútbol 11,"-31.37433473191262, -58.02638110466134",,@clubunion_los_villeros,https://www.facebook.com/ClubUniondevillajardin/?locale=es_LA,Fútbol,SIN DATOS,SIN DATOS,-31.3758190757224,-58.0364121808926,Cancha de Fútbol
CLUB HIPICO CONCORDIA,CLUB DEPORTIVO,3.0578372683E10,CONCORDIA,CONCORDIA,3.454217303E9,3.456260144E9,secretariaclubhipico@gmail.com,GDOR CRESTO,S/N,,,,@clubhipico_concordia,https://www.facebook.com/p/Club-Hipico-Concordia,"Natación, Hipismo, Tenis, Básquet , Hockey césped",SIN DATOS,SIN DATOS,-31.3754636496778,-58.0137855550346,"Pileta Descubierta, SUM, Otros, cancha de tenis, cancha de basquet, Gimnasio, Cancha de Hockey, Cancha hockey cesped"
CENTRO PROVINCIAL DE EDUCACIÓN FÍSICA Nº4 GRAL. SAN MARTIN,POLIDEPORTIVO PROVINCIAL,3.0623328607E10,CONCORDIA,CONCORDIA,,,,SALTO URUGUAYO,504.0,,,,https://www.instagram.com/cef4concordia/?hl=en,https://www.facebook.com/cef4concordia/?locale=es_LA,"Handball, Hockey césped, Voley, Natación, Fitness, Tiro con Arco, Básquet",SIN DATOS,SIN DATOS,-31.3749,-58.0033,"Cancha de Hockey, Cancha Techada, Pileta Techada, Otros, SUM, Cajon de arena, Cancha hockey cesped"
CLUB SALTO GRANDE,CLUB DEPORTIVO,3.0610590167E10,CONCORDIA,CONCORDIA,3.454310875E9,3.454953919E9,ceclubsaltogrande@hotmail.com,LAMADRID,S/N,,,,@clubsaltogrande,https://www.facebook.com/CSG.Concordia.Oficial/?locale=es_LA,"Básquet, Fútbol, Hockey césped, Rugby, Natación, Tenis",SIN DATOS,SIN DATOS,-31.3744050828071,-58.0020511308162,"Cancha de Fútbol, Pileta Techada, Cancha de Hockey, cancha de tenis, Cancha de Rugby, cancha de basquet, SUM, Cancha hockey cesped"
ASOCIACIÓN DE BOCHAS CONCORDIA,CLUB DEPORTIVO,3.0688778138E10,CONCORDIA,CONCORDIA,3.454212108E9,3.45529272E9,jcfuser552@gmail.com,PTE. ILLIA,242 (O),,,,,https://www.facebook.com/asociacion.bochas.concordia/,Bochas,SIN DATOS,SIN DATOS,-31.3742787044444,-58.0179706826259,
POLIDEPORTIVO DE CONCORDIA,POLIDEPORTIVO MUNICIPAL,SIN CUIT 055,CONCORDIA,CONCORDIA,,,,,,,,https://www.concordia.gob.ar/,https://www.instagram.com/concordia.municipalidad/,https://www.facebook.com/Concordia.Municipalidad/,"Fútbol, Atletismo, Softbol, Básquet , Tiro con Arco, Natación, Handball",SIN DATOS,SIN DATOS,-31.37424,-58.00363,"pista de atletismo, Otros, cancha de basquet, Cancha Techada, Pileta Techada"
TAEKWONDO CHUL HAK SAN,PRIVADO,SIN CUIT 054,CONCORDIA,CONCORDIA,,3.45523307E9,valenyasuff@gmail.com,Monseñor Tavella,1467.0,,,,,https://www.facebook.com/taekwondoconcordiayalrededores/?locale=es_LA,Artes Marciales/deportes de contacto,SIN DATOS,SIN DATOS,-31.3726582242174,-58.0208228324081,Gimnasio
CLUB SOCIAL Y DEPORTIVO OBRAS SANITARIAS CONCORDIA,CLUB DEPORTIVO,3.0709793183E10,CONCORDIA,CONCORDIA,3.454222012E9,3.454222012E9,frejtmanyasoc@hotmail.com,CALLE INTERNA PARQUE SAN CARLOS,S/N,,,,@clubobrassanitarias,,Fútbol,SIN DATOS,SIN DATOS,-31.3719699707664,-57.9914100611933,SUM
ASOCIACIÓN DEPORTIVA MONSEÑOR RICARDO RÖSCH,CLUB DEPORTIVO,3.070865572E10,CONCORDIA,CONCORDIA,3.454094606E9,3.454335265E9,asesordpedagogia@gmail.com,CHILE/CONCEJAL VEIGA ENTRE CÓRDOBA/DOCTOR ALDA,S/N,,,,@a_d_monsenor_rosch_oficial,https://www.facebook.com/roschoficial/?locale=es_LA,Fútbol,SIN DATOS,SIN DATOS,-31.3717971697303,-58.0227824604791,Cancha de Fútbol
POLIDEPORTIVO VICTOR OPPEL,POLIDEPORTIVO MUNICIPAL,SIN CUIT 003,CONCORDIA,CONCORDIA,,,,MOULINS,1779.0,,,,,,"Fútbol, Rugby, padel, Bochas, Natación, OTROS",SIN DATOS,SIN DATOS,-31.3714925667315,-58.0487066506873,"Cancha de Fútbol, Pileta Descubierta, Cancha de Rugby, SUM, cancha de basquet, Otros"
CLUB LOS ESPINILLOS,CLUB DEPORTIVO,3.0710451997E10,CONCORDIA,CONCORDIA,3.454230861E9,3.456251461E9,clublosespinillos@gmail.com,AV. GOBERNADOR CRESTO Y AV DOCTOR SAURÉ,S/N,,,www.clublosespinillos.com/,@clublosespinillos,,"Hockey césped, Rugby",SIN DATOS,SIN DATOS,-31.3711067239141,-58.0159262627445,"Cancha de Rugby, Cancha de Hockey, Gimnasio, SUM, Cancha hockey cesped, Cajon de arena"
HIPÓDROMO DE CONCORDIA,POLIDEPORTIVO MUNICIPAL,SIN CUIT 040,CONCORDIA,CONCORDIA,,,,,,,,,,,Hipismo,SIN DATOS,SIN DATOS,-31.3622380712349,-58.0661967754962,Otros
CLUB SOCIAL Y DEPORTIVO DR. ERNESTO P. ANCEL,CLUB DEPORTIVO,3.0717105849E10,CONCORDIA,CONCORDIA,,,,MONS. TAVELLA,2834.0,,,,,https://www.facebook.com/p/Club-social-y-Deportivo-Ernesto-P-Ancel-100057155722690/?locale=es_LA,Fútbol,SIN DATOS,SIN DATOS,-31.3582980142649,-58.017052214175,Cancha de Fútbol
COMPLEJO POLIDEPORTIVO MUNICIPAL DE BOVRIL,POLIDEPORTIVO MUNICIPAL,SIN CUIT 083,BOVRIL,LA PAZ,,,,,,,,https://bovril.gob.ar/,,https://www.facebook.com/municipalidaddebovril/?locale=sr_RS,"Atletismo, Natación, Voley, Básquet, Fútbol",SIN DATOS,SIN DATOS,-31.3486915602424,-59.445642428163,"Cancha Techada, pista de atletismo, Pileta Techada, Otros, Cancha de Fútbol, Cajon de arena"
CLUB SOCIAL Y DEPORTIVO LA BIANCA,CLUB DEPORTIVO,3.0688783735E10,CONCORDIA,CONCORDIA,3.454336363E9,3.454060297E9,csydlabianca@gmail.com,EVA PERON Y JUJUY,S/N,,,,,https://www.facebook.com/p/Club-Social-y-Deportivo-La-Bianca,Fútbol,SIN DATOS,SIN DATOS,-31.3468020547081,-58.0054318161662,Cancha de Fútbol
CLUB DEPORTIVO BOVRIL,CLUB DEPORTIVO,3.0681069069E10,BOVRIL,LA PAZ,3.438421208E9,3.438440024E9,castiliso@hotmail.com,SAN MARTIN,506.0,,,,@clubdeportivobovril,https://www.facebook.com/ClubDeportivoBovril/?locale=es_LA,"Fútbol, Voley, Gimnasia Artística, padel, Fitness",SIN DATOS,SIN DATOS,-31.3457477393211,-59.4462384316498,"Cancha de Fútbol, Gimnasio, cancha de padel"
CLUB SOCIAL Y DEPORTIVO GENERAL SAN MARTIN,CLUB DEPORTIVO,3.0688785649E10,CONCORDIA,CONCORDIA,3.454053579E9,3.454251089E9,daniel-grandi@hotmail.com,AV. MONSEÑOR ROSCH Y LAS PALMERAS,-,,,,,,,SIN DATOS,SIN DATOS,-31.3414206726048,-58.0152883791556,"SUM, cancha de bochas"
CONCORDIA GOLF CLUB,CLUB DEPORTIVO,3.0530279061E10,CONCORDIA,CONCORDIA,3.454250582E9,"3455213320
3454348834",administracion@concordiagolfclub.com.ar,AV. MONSEÑOS ROSCH S/N,,,,www.concordiagolfclub.com.ar,@concordiagc,Concordia Golf Club,Golf,SIN DATOS,SIN DATOS,-31.337298340164,-58.0142668489512,"SUM, Otros, Campo de Golf"
CLUB ATLÉTICO JUVENTUD UNIDA,CLUB DEPORTIVO,3.0700163454E10,BOVRIL,LA PAZ,,,,AV. URQUIZA,342.0,Cancha de futbol 11,"-31.336000814772493, -59.448136046201945",,,https://www.facebook.com/people/Sub-Comisi%C3%B3n-Club-Atl%C3%A9tico-Juventud-Unida-Bovril/100063262298896/,Fútbol,SIN DATOS,SIN DATOS,-31.3369626081522,-59.445934493882,"Cancha de Fútbol, SUM"
CLUB SOCIAL CULTURAL Y DEPORTIVO VILLA ZORRAQUIN,CLUB DEPORTIVO,3.0711231133E10,CONCORDIA,CONCORDIA,3.45154121552E11,,clubvillazorraquin@gmail.com,HUMBERTO PRIMO,4765.0,,,,,https://www.facebook.com/people/Club-C-S-C-Y-D-Villa-Zorraquin-2023/100091589081790/,Fútbol,SIN DATOS,SIN DATOS,-31.3230961734326,-58.0139638290748,Cancha de Fútbol
CLUB ALMIRANTE GUILLERMO BROWN DE CONCORDIA,CLUB DEPORTIVO,3.0715469371E10,CONCORDIA,CONCORDIA,3.454222012E9,3.454151624E9,frejtmanyasoc@hotmail.com,VUELTA DE OBLIGADO,1960.0,,,,,,Fútbol,SIN DATOS,SIN DATOS,-31.3171054300589,-58.0545489171553,"Cancha de Fútbol, SUM"
CLUB LOS YAROS,CLUB DEPORTIVO,3.0591033308E10,CONCORDIA,CONCORDIA,3.454250225E9,3.456026931E9,clublosyarosconcordia@gmail.com,AV. MONSEÑOR RÖSCH,S/N,,,,@clublosyarosoficial,https://www.facebook.com/clublosyarosoficial/,"Natación, Tiro con Arco, Básquet, Tenis",SIN DATOS,SIN DATOS,-31.3157139516278,-58.0087723009664,"Pileta Descubierta, cancha de tenis, SUM, Otros, cancha de basquet"
AUTÓDROMO DE CONCORDIA,POLIDEPORTIVO MUNICIPAL,SIN CUIT 041,CONCORDIA,CONCORDIA,,,,,,,,,,,Automovilismo / karting,SIN DATOS,SIN DATOS,-31.307126583671,-58.0074204477996,Otros
AEROCLUB CONCORDIA,CLUB DEPORTIVO,3.0670840324E10,CONCORDIA,CONCORDIA,3.454224245E9,3.454034513E9,estudiocontabletony@yahoo.com.ar,1º TTE JAVIER BORDAGARAY Y AV. MONS. RÖSCH,0.0,,,,@aeroclubconcordia,https://www.facebook.com/AeroclubCRD/,Aviación,SIN DATOS,SIN DATOS,-31.3041955687628,-58.0150106046648,"Otros, Pileta Descubierta"
Playón deportivo La Criolla,POLIDEPORTIVO MUNICIPAL,SIN CUIT 084,LA CRIOLLA,CONCORDIA,,,,,,,,,,,"Básquet , Voley, Futsal",SIN DATOS,SIN DATOS,-31.2719605047423,-58.109155633081,"cancha de basquet, SUM"
CLUB SOCIAL Y DEPORTIVO JUAN BAUTISTA ALBERDI,CLUB DEPORTIVO,3.0688756649E10,LA CRIOLLA,CONCORDIA,3.454900045E9,3.456264896E9,clubalberdilacriolla@hotmail.com,RIO BERMEJO,287.0,,,,@club_syd_alberdi,https://www.facebook.com/j.b.alberdi.lacriolla/?locale=es_LA,Fútbol,SIN DATOS,SIN DATOS,-31.2712748279611,-58.1076958241637,Cancha de Fútbol
CONCORDIA YACHT CLUB,CLUB DEPORTIVO,3.0708548215E10,CONCORDIA,CONCORDIA,3.454214988E9,,,1RO. DE MAYO,357,,,,@concordia-yacht-club,https://www.facebook.com/concordiayachtclub2018/,Náuticos,SIN DATOS,SIN DATOS,-31.2511755077033,-57.9497047527173,Otros
GIMNASIO POLIDEPORTIVO MUNICIPAL SAUCE DE LUNA,POLIDEPORTIVO MUNICIPAL,SIN CUIT 067,SAUCE DE LUNA,FEDERAL,,,munisdeluna@gmail.com,,,,,http://www.saucedeluna.gob.ar/,https://www.instagram.com/msaucedeluna/?fbclid=IwY2xjawLd8IVleHRuA2FlbQIxMABicmlkETBobFM4RlJjUXFLNTByWUJaAR4CsgJ23RQfJj5t-Vh0fZwZXJuw0Zh-ch-8cxubCmK2YU4MKLgRcpvZoQ6jcA_aem_Wjx29zj5co0D2y5CI1mc4g#,https://www.facebook.com/MunicipalidadDeSauceDeLunaOK,Voley,SIN DATOS,SIN DATOS,-31.23985,-59.22384,Cancha Techada
INDEPENDIENTE FOOT BALL CLUB,CLUB DEPORTIVO,3.0690503324E10,VILLA HERNANDARIAS,PARANÁ CAMPAÑA,1.166193216E9,1.166193216E9,ifbchernandarias@gmail.com,HIPÓLITO YRIGOYEN,570.0,,,,,,Fútbol,SIN DATOS,SIN DATOS,-31.2340263855835,-59.9816974686797,Cancha de Fútbol
CLUB ATLETICO HERNANDARIAS,CLUB DEPORTIVO,3.0707373136E10,VILLA HERNANDARIAS,PARANÁ CAMPAÑA,,,,EVA PERON,263.0,,,,,Club ATLÉTICO Hernandarias https://www.facebook.com/profile.php?id=100063486844028&sk=about&locale=es_LA,Fútbol,SIN DATOS,SIN DATOS,-31.22981,-59.98742,"Cancha Techada, Cancha de Fútbol, SUM"
CLUB ATLETICO 9 DE JULIO,CLUB DEPORTIVO,3.0712501029E10,COLONIA AYUÍ,CONCORDIA,3.45499203E9,3.45499292E9,9dejuliocoloniaayui@gmail.com,PROSPERO BOVINO,244.0,,,,https://www.instagram.com/9dejuliodecoloniaayui/,https://www.facebook.com/nuevedejulio.decoloniaayui?locale=es_LA,"Fútbol, Hockey césped, Básquet, Voley, Boxeo, Artes Marciales/deportes de contacto",SIN DATOS,SIN DATOS,-31.2086732161621,-58.0362715797319,"Cancha de Fútbol, cancha de basquet, SUM"
CLUB SOCIAL Y DEPORTIVO TUYANGÓ,CLUB DEPORTIVO,3.0690527894E10,PIEDRAS BLANCAS,LA PAZ,3.434670684E9,3.434670683E9,ridolfimiguelpsbs@yahoo.com.ar,AVENIDA TUYANGO,830.0,,,https://deportivotuyango.blogspot.com/,https://www.instagram.com/deportivotuyango/?hl=en,https://www.facebook.com/p/CS-y-Dep-Tuyango-100063792054726/,"Fútbol, Patinaje artístico",SIN DATOS,SIN DATOS,-31.1841330684304,-59.9502605711643,"Cancha de Fútbol, SUM"
CLUB ATLÉTICO EL SOLAR,CLUB DEPORTIVO,3.0709862657E10,EL SOLAR,LA PAZ,3.436230234E9,3.436230234E9,clubatleticoelsolar@gmail.com,RUTA NACIONAL 12 KM 549,549.0,,,,@club_atletico_el_solar,https://www.facebook.com/profile.php/?id=100075957684919,"Fútbol, Voley, Gimnasia Artística",SIN DATOS,SIN DATOS,-31.1825,-59.73275,"Cancha de Fútbol, Cancha Techada, Otros"
CLUB ATLETICO LOS CHARRÚAS,CLUB DEPORTIVO,3.071027721E10,LOS CHARRÚAS,CONCORDIA,3.454115649E9,3.454333858E9,clubatleticoloscharruas02@gmail.com,MARIANO MORENO Y URQUIZA,1369.0,,,,@c.a.loscharruas,,Fútbol,SIN DATOS,SIN DATOS,-31.1692986702438,-58.182596585591,"Cancha de Fútbol, SUM"
POLIDEPORTIVO MUNICIPAL CONSCRIPTO BERNARDI,POLIDEPORTIVO MUNICIPAL,SIN CUIT 010,CONSCRIPTO BERNARDI,FEDERAL,,,municbernardi@gmail.com,,,,,https://conscriptobernardi.gob.ar/,,https://www.facebook.com/municipalidadbernardi/?locale=es_LA,"Boxeo, Voley",SIN DATOS,SIN DATOS,-31.04895,-59.08423,Cancha Techada
CLUB POLICIAL FEDERACIÓN,CLUB DEPORTIVO,3.3688744879E10,FEDERACIÓN,FEDERACIÓN,3.456499039E9,3.456622219E9,marcos1983salas@gmail.com,AVDA SAN CAYETANO Y CALLE EL BIGUA,S/N,,,,,https://www.facebook.com/p/Club-social-y-deportivo-policial-100063930286778/,Fútbol,SIN DATOS,SIN DATOS,-31.0043497307129,-57.9235776200209,"Cancha de Fútbol, cancha de padel"
CLUB DEPORTIVO AMERICA,CLUB DEPORTIVO,3.0708274158E10,FEDERACIÓN,FEDERACIÓN,3.456515653E9,3.456448671E9,deportivoamericaoficial@gmail.com,BARRIO SAN CAYETANO,S/N,,,,@clubdeportivoamerica,https://www.facebook.com/AMERICAFEDERACIÓN/?locale=es_LA,"Fútbol, Hockey césped, Náuticos",SIN DATOS,SIN DATOS,-31.0033197607535,-57.9216731335146,Cancha de Fútbol
CLUB DEPORTIVO COSMOS,CLUB DEPORTIVO,3.3708269099E10,FEDERACIÓN,FEDERACIÓN,3.456455302E9,3.45643309E9,clubdeportivocosmosFEDERACIÓN@gmail.com,AVDA. ALEM Y MANDISOVI,1765.0,,,,,https://www.facebook.com/CLUBDEPORTIVOCOSMOSFEDERACIÓN/?locale=es_LA,"Fútbol, Fitness",SIN DATOS,SIN DATOS,-30.9952037215114,-57.922586448857,"Cancha de Fútbol, SUM"
CLUB PESCA FEDERACIÓN,CLUB DEPORTIVO,3.3712129609E10,FEDERACIÓN,FEDERACIÓN,3.456495423E9,3.456481006E9,clubpescaFEDERACIÓN@gmail.com,EX EMPLAZAMIENTO,0.0,,,,@clubpescaFEDERACIÓN,https://www.facebook.com/clubpescaFEDERACIÓN/?locale=es_LA,"Pesca, Fitness, Ciclismo, Náuticos",SIN DATOS,SIN DATOS,-30.9941980414046,-57.9020404623504,"Otros, SUM"
CLUB ATLÉTICO ESTUDIANTES,CLUB DEPORTIVO,3.0709093289E10,FEDERACIÓN,FEDERACIÓN,3.456419494E9,3.456435275E9,elcaeFEDERACIÓN@hotmail.com,DE LOS PERIODISTAS Y LOS JAZMINES,9001.0,,,,@cae_FEDERACIÓN,https://www.facebook.com/p/Club-Estudiantes-Federaci%C3%B3n-Entre-R%C3%ADos-100063716493183/,"Fútbol, Voley, Básquet",SIN DATOS,SIN DATOS,-30.98623,-57.92576,"Cancha de Fútbol, cancha de basquet, SUM, Cancha Techada"
CLUB SOCIAL Y DEPORTIVO FEDERACIÓN,CLUB DEPORTIVO,3.0707708634E10,FEDERACIÓN,FEDERACIÓN,3.456481528E9,3.45641458E9,clubsocialdf@xinet.com.ar,INMACULADA CONCEPCION,165.0,,,,@clubsocialFEDERACIÓN,"https://www.facebook.com/socialFEDERACIÓN/?locale=es_LA
https://www.facebook.com/profile.php?id=100063575617048&ref=_xav_ig_profile_page_web#","Fútbol, Tenis, Básquet, padel, Patinaje artístico",SIN DATOS,SIN DATOS,-30.9854590118325,-57.9167114335154,"Cancha de Fútbol, SUM, cancha de basquet, cancha de tenis, cancha de padel, Cancha Techada, Otros"
CLUB SOCIAL Y DEPORTIVO ALMIRANTE BROWN,CLUB DEPORTIVO,3.0688756576E10,FEDERACIÓN,FEDERACIÓN,3.456497762E9,,altebrown99@yahoo.com,HNAS BENTANCOURT Y DE LOS PERIODISTAS,0.0,,,www.racingdeolavarria.com.ar/club-social-y-deportivo-almirante-brown-FEDERACIÓN/,,https://www.facebook.com/RugbyCSAB/,"Voley, Fútbol, Rugby, padel",SIN DATOS,SIN DATOS,-30.9814609162204,-57.9283463623511,"Cancha de Fútbol, Cancha Techada, Cancha de Rugby, cancha de padel"
SANTA ELENA GOLF CLUB,PRIVADO,3.0714255521E10,SANTA ELENA,LA PAZ,3.516430006E9,,info@santaelenagolfclub.com / santaelenagolfclub@gmail.com,HECTOR DE MAYA,S/N,,,,https://www.instagram.com/santaelenagolfcluboficial/?locale=Google%2Bx%E1%BA%BFp%2Bh%E1%BA%A1ng(TG%3Ae10838).tnd&hl=en,https://www.facebook.com/santaelenagolfclub/,Golf,SIN DATOS,SIN DATOS,-30.9585462479563,-59.799825816445,Campo de Golf
CLUB SOCIAL Y DEPORTIVO DEFENSORES DEL SUR,CLUB DEPORTIVO,3.0716098083E10,FEDERAL,FEDERAL,3.454411688E9,3.454430903E9,sabina012@hotmail.com.ar,ECHAGUE,S/N,,,,,https://www.facebook.com/clubsocialydeportivodefensoresdelsur/?locale=es_LA,Fútbol,SIN DATOS,SIN DATOS,-30.95846,-58.78185,"Cancha de Fútbol, SUM"
CLUB SOCIAL Y DEPORTIVO ATENEO,CLUB DEPORTIVO,3.0708224738E10,FEDERAL,FEDERAL,3.45440552E9,3.454657297E9,clubateneofederal@gmail.com,DONOVAN,829.0,,,www.clubateneofederal.com/,@clubateneo,https://www.facebook.com/ClubAteneo/?locale=es_LA,"Voley, Básquet , Futsal, Fútbol, Patinaje artístico",SIN DATOS,SIN DATOS,-30.95534,-58.78341,"Cancha Techada, Cancha de Fútbol, cancha de basquet, Otros"
CLUB SOCIAL Y DEPORTIVO LAS FLORES,CLUB DEPORTIVO,3.0715229648E10,FEDERAL,FEDERAL,3.454487094E9,3.454434284E9,clubsocialydeportivolasflores@hotmail.com,ITATI,654.0,,,,@pasionporelrojo_,https://www.facebook.com/ClubSocialyDeportivoLasFlores/?locale=es_LA,Fútbol,SI,ANCHO DE PASILLOS,-30.95183,-58.79441,Cancha de Fútbol
CLUB ATLETICO MARTIN GARCIA,CLUB DEPORTIVO,3.0713425903E10,SANTA ELENA,LA PAZ,3.437480919E9,3.437412792E9,camg.santaelena.er@gmail.com,PARANÁ Y DORREGO,S/N,,,,@clubatleticomartingarcia,https://www.facebook.com/ClubAtleticoMartinGarcia/?locale=es_LA,Fútbol,SIN DATOS,SIN DATOS,-30.9495359170077,-59.7907540789978,"Cancha de Fútbol, SUM"
CLUB NÁUTICO SANTA ELENA,CLUB DEPORTIVO,3.07155424E10,SANTA ELENA,LA PAZ,3.437451098E9,3.437481378E9,clubnauticosantaelena@gmail.com,AVENIDA COSTANERA,0.0,,,,,https://www.facebook.com/cnautico.santaelena.5/?locale=es_LA,Náuticos,SIN DATOS,SIN DATOS,-30.949533738474,-59.7992943784338,
CLUB ATLÉTICO CAMBA CUA,CLUB DEPORTIVO,3.3690482989E10,SANTA ELENA,LA PAZ,3.43748148E9,3.437402603E9,juanfranco_cacc@hotmail.com,LISANDRO DE LA TORRE,S/N,,,,@cambacuaoficial,https://www.facebook.com/camba.cua.5/,Fútbol,SIN DATOS,SIN DATOS,-30.9492670870795,-59.7868638416539,"Cancha de Fútbol, SUM"
CLUB SOCIAL Y DEPORTIVO TALLERES,CLUB DEPORTIVO,3.0670917513E10,FEDERAL,FEDERAL,3.454657096E9,3.454407892E9,clubsydtalleresoficial@hotmail.com,BELGRANO,1050.0,,,www.clubtalleresfederal.com.ar,@clubtalleresfederal,https://www.facebook.com/profile.php?id=100028975102985&sk=about&locale=es_LA,"Softbol, Fútbol",NO,"ESTACIONAMIENTOS ACCESIBLES, ACCESO ADECUADO, PUERTAS ACCESIBLES, ANCHO DE PASILLOS, RAMPAS, SANITARIOS ACCESIBLES",-30.94804,-58.78449,"Cancha de Fútbol, Otros"
CLUB ATLÉTICO FERROCARRIL DEL ESTADO,CLUB DEPORTIVO,3.3711208629E10,FEDERAL,FEDERAL,3.454655467E9,3.4545408186E10,raulandrosiuk@hotmail.com,ALMIRANTE BROWN ESQUINA 12 DE OCTUBRE,0.0,,,,@clubferro_federal,https://www.facebook.com/p/Club-Ferrocarril-Ferro-del-Estado-100071074844351/?locale=es_LA,"Fútbol, Hockey césped, Básquet , Patinaje artístico, Handball, Rugby, Bochas, Hockey sobre patines",SI,"ESTACIONAMIENTOS ACCESIBLES, PUERTAS ACCESIBLES, ACCESO ADECUADO, ANCHO DE PASILLOS",-30.94713,-58.78587,"Cancha Techada, Cancha de Hockey"
CLUB ATLETICO AZOPARDO BELGRANO,CLUB DEPORTIVO,3.069049734E10,SANTA ELENA,LA PAZ,3.437480311E9,3.437451778E9,emachado@cobbargentina.com.ar,DARDO PABLO BLANC Y ROSSI,,,,,@caab2024,https://www.facebook.com/caab2021/,"Futsal, Fútbol, Básquet , Voley, Natación, Boxeo, Patinaje artístico, Gimnasia Artística",SIN DATOS,SIN DATOS,-30.9461367992011,-59.7960210865069,"Pileta Techada, cancha de basquet, SUM, Pileta Descubierta"
POLIDEPORTIVO DE FEDERAL,POLIDEPORTIVO MUNICIPAL,SIN CUIT 019,FEDERAL,FEDERAL,,,,,,,,https://federal.gob.ar/,,,"Fútbol, Rugby, Atletismo, Básquet",SIN DATOS,SIN DATOS,-30.9456,-58.78169,"Cancha de Rugby, Cancha de Fútbol, cancha de basquet, Pileta Descubierta"
CLUB SOCIAL Y DEPORTIVO SANTA MARTA,CLUB DEPORTIVO,3.0690512439E10,SANTA ELENA,LA PAZ,3.437456977E9,3.437494396E9,club_santa_marta@hotmail.com,HIPOLITO IRIGOYEN Y SANTA FE,0.0,,,,https://www.instagram.com/clubsantamartaoficial/,,Fútbol,SIN DATOS,SIN DATOS,-30.9453256109128,-59.7806028153426,SUM
CLUB PROGRESO SOCIAL Y DEPORTIVO,CLUB DEPORTIVO,3.070827064E10,SANTA ELENA,LA PAZ,3.437485027E9,3.437487309E9,gelamauri@hotmail.com,ALMIRANTE BROWN,277.0,,,,@progreso_se,,Básquet,SIN DATOS,SIN DATOS,-30.9452631557371,-59.79176762633,"cancha de basquet, SUM, Cancha Techada"
CLUB URQUIZA SANTA ELENA (CUSE),CLUB DEPORTIVO,3.0690485407E10,SANTA ELENA,LA PAZ,3.437480963E9,3.437608886E9,o_quartino@hotmail.com,EVA PERÓN Y 9 DE JULIO,S/N,Cancha de fútbol 11,"-30.939706872903887, -59.77847915194335",,"@basquetcuseoficial
https://www.instagram.com/club_urquiza_santa_elena/
https://www.instagram.com/urquiza2025futbol/
https://www.instagram.com/cluburquizasanta/",https://www.facebook.com/ClubUrquizaSantaElena/photos?locale=es_LA,"Básquet , Fútbol, Hockey césped",SIN DATOS,SIN DATOS,-30.9437253243056,-59.7890693014473,"Cancha Techada, Cancha de Fútbol, cancha de basquet"
CLUB ATLETICO TIRO FEDERAL,CLUB DEPORTIVO,3.0711827176E10,SANTA ELENA,LA PAZ,3.437609076E9,3.437542489E9,hpv283@hotmail.com,1º DE MAYO,1157.0,,,,@tirofederalfutsal,,"Fútbol, Básquet , Futsal",SIN DATOS,SIN DATOS,-30.9434559741022,-59.7857695956172,"cancha de basquet, SUM"
CLUB SOCIAL Y DEPORTIVO VILLA URQUIZA DE SANTA ELENA,CLUB DEPORTIVO,3.0690513281E10,SANTA ELENA,LA PAZ,3.437416892E9,3.437480277E9,titoreta@live.com.ar,SAN LORENZO Y FRANCISCO RAMIREZ,149.0,,,,@lavillapadelclub,,padel,SIN DATOS,SIN DATOS,-30.9426402730026,-59.7920820876905,cancha de padel
CLUB SOCIAL Y DEPORTIVO LAS MALVINAS,CLUB DEPORTIVO,3.071201688E10,FEDERAL,FEDERAL,3.454464614E9,3.454464614E9,quichojavier@gmail.com,TACUARY,1565.0,,,,@clubmalvinas,,Fútbol,SIN DATOS,SIN DATOS,-30.94204,-58.78707,Cancha de Fútbol
CLUB ATLÉTICO SAN LORENZO,CLUB DEPORTIVO,3.071466854E10,SANTA ELENA,LA PAZ,3.437515987E9,3.437401792E9,rodriguezalbana8@gmail.com,BELGRANO Y JOAQUIN V. GONZALEZ,S/N,,,,,,Fútbol,SIN DATOS,SIN DATOS,-30.9371285106897,-59.7872547046823,SUM
CLUB SOCIAL Y DEPORTIVO LAS DELICIAS,CLUB DEPORTIVO,3.0716120917E10,FEDERAL,FEDERAL,3.454499255E9,,yodardo_93@yahoo.com.ar,LAS DELCIAS,S/N,,,,,,Fútbol,SIN DATOS,SIN DATOS,-30.9004616130036,-58.8953027197449,Cancha de Fútbol
CENTRO SOCIAL Y DEPORTIVO SANTA ANA,CLUB DEPORTIVO,3.0707086358E10,FEDERACIÓN,FEDERACIÓN,3.456492111E9,3.45646559E9,cristiangnr1572@hotmail.com,25 DE MAYO Y TEODORA GOMEZ,S/N,,,,,https://www.facebook.com/clubsocialydeportivosantaana/?locale=es_LA,Fútbol,SIN DATOS,SIN DATOS,-30.9000323255814,-57.9348712558333,"Cancha de Fútbol, SUM"
CLUB NÁUTICO MANDISOVI,CLUB DEPORTIVO,3.0713703806E10,SANTA ANA,FEDERACIÓN,3.456421335E9,3.456420974E9,clubnauticomandisovi@gmail.com,AV. SIRIRI Y LOS CARDENALES,0.0,,,www.cnm.org.ar/,,https://www.facebook.com/nauticomandisovi/?locale=es_LA,Náuticos,SIN DATOS,SIN DATOS,-30.8987059433797,-57.8940632472167,Otros
CLUB ATLÉTICO INDEPENDIENTE DE VILLA DEL ROSARIO,CLUB DEPORTIVO,3.0712213082E10,VILLA DEL ROSARIO,FEDERACIÓN,3.456491142E9,3.456471893E9,javichervo@gmail.com,AVENIDA 9 DE JULIO,158.0,,,,@cai_villa_del_rosario_oficial_,https://www.facebook.com/ClubAtlicoIndependienteOficialVilladelRosario/?locale=es_LA,Fútbol,SIN DATOS,SIN DATOS,-30.7981899426685,-57.9109867758533,"Cancha de Fútbol, Cancha Techada"
CLUB ATLETICO SAN CLEMENTE,CLUB DEPORTIVO,3.067088942E10,CHAJARÍ,FEDERACIÓN,3.456421807E9,3.456450331E9,ceci_8520@hotmail.com,ALBERDI,3855.0,Cancha de futbol 11,"-30.768073719436874, -57.98590430469035",,@san.clemente.CHAJARÍ,,Fútbol,SIN DATOS,SIN DATOS,-30.7657800797286,-57.9890961331914,"Cancha de Fútbol, SUM"
TIRO FEDERAL DE CHAJARÍ,CLUB DEPORTIVO,3.0670930099E10,CHAJARÍ,FEDERACIÓN,3.4564229E9,3.456407212E9,tirofederalCHAJARÍoficial@gmail.com,AV. BELGRANO,S/N,,,,Club Tiro Federal ⚪🔴 (@tirofederalCHAJARÍ) • Fotos y videos de Instagram,https://www.facebook.com/clubtirofederalCHAJARÍ/?locale=es_LA,Fútbol,SIN DATOS,SIN DATOS,-30.765427577802,-57.9723268168295,Cancha de Fútbol
SKATEPARK CHAJARÍ,POLIDEPORTIVO MUNICIPAL,SIN CUIT 046,CHAJARÍ,FEDERACIÓN,,,,,,,,www.termasCHAJARÍ.tur.ar/skate-park/,,,Deportes Urbanos,SIN DATOS,SIN DATOS,-30.7633960560731,-57.9816428964484,skatepark
CENTRO DE SUBOFICIALES DEL EJERCITO,CLUB DEPORTIVO,3.0715515713E10,CHAJARÍ,FEDERACIÓN,3.456512784E9,1.167611371E9,gonzalovich@hotmail.com,CHACO,1940.0,,,,,https://www.facebook.com/p/Centro-de-Suboficiales-Sargento-Cabral-100066688745520/?locale=es_LA,"Patinaje artístico, Artes Marciales/deportes de contacto, Boxeo",SIN DATOS,SIN DATOS,-30.759970294318,-57.9953769997003,SUM
CLUB ATLÉTICO VÉLEZ SARSFIELD CHAJARÍ,CLUB DEPORTIVO,3.0522884673E10,CHAJARÍ,FEDERACIÓN,3.456421193E9,3.456497059E9,secretariavelezCHAJARÍi@hotmail.com,MASTEN E H . IRIGOYEN,2625.0,,,,@velezCHAJARÍ,https://www.facebook.com/velezCHAJARÍ,"Fútbol, Natación, Hockey césped, Básquet, Artes Marciales/deportes de contacto, padel, Tenis, Pelota paleta",SIN DATOS,SIN DATOS,-30.7586,-57.97631,"Cancha de Fútbol, Cancha Techada, cancha de tenis, Pileta Techada, Cancha de Hockey, Pileta Descubierta, SUM, cancha de pelota, cancha de padel, Cancha hockey cesped"
CLUB SOCIAL Y DEPORTIVO 1RO. DE MAYO,CLUB DEPORTIVO,3.0670862123E10,CHAJARÍ,FEDERACIÓN,2.456421605E9,3.456471836E9,annaimbert@hotmail.com,AV. SIBURU Y AV. 1 DE MAYO,,,,,@club_deportivo_1ro_de_mayo,https://www.facebook.com/eldecano.CHAJARÍ/?locale=es_LA,Fútbol,SIN DATOS,SIN DATOS,-30.75657,-57.98438,"Cancha de Fútbol, SUM"
CLUB ATLETICO FERROCARRIL,CLUB DEPORTIVO,3.0670923106E10,CHAJARÍ,FEDERACIÓN,3.4564218E9,3.456406111E9,caferrocarril@gmail.com,SIBURU,2107.0,,,,@caferrocarril,https://www.facebook.com/clubaferrocarril/?locale=es_LA,Fútbol,SIN DATOS,SIN DATOS,-30.75647,-57.99384,"Cancha de Fútbol, Cancha Techada, SUM"
ASOCIACION DE BOCHAS CHAJARÍ,CLUB DEPORTIVO,3.0709251569E10,CHAJARÍ,FEDERACIÓN,3.456505048E9,3.456423515E9,loreyruso@yahoo.com.ar,SIMON BOLIVAR,1975.0,,,,https://www.instagram.com/asociaciondebochaschajari/,,Bochas,SIN DATOS,SIN DATOS,-30.75334,-57.98773,
CLUB ATLÉTICO SANTA ROSA,CLUB DEPORTIVO,3.0629933286E10,CHAJARÍ,FEDERACIÓN,3.456422052E9,3.456621118E9,casrCHAJARÍ@gmail.com,DOMINGO BALONI,1630.0,"Estadio de futbol "" Jose Bonelli"".","-30.754342274454775, -57.97585060653938",,@casr.CHAJARÍ,https://www.facebook.com/CASR.CHAJARÍ/?locale=es_LA,"Fútbol, Básquet, Voley, Tenis, Patinaje artístico, padel, Pelota paleta, Artes Marciales/deportes de contacto",SIN DATOS,SIN DATOS,-30.7523827760835,-57.9804512292583,"Cancha de Fútbol, cancha de basquet, Cancha Techada, SUM, cancha de padel, cancha de pelota, cancha de tenis"
AGRUPACIÓN ATLÉTICA EL CHAJÁ,CLUB DEPORTIVO,3.0715771698E10,CHAJARÍ,FEDERACIÓN,,3.456515912E9,,RIVADAVIA,1020.0,,"-30.752189089531633, -57.972566518184514",,,,,SIN DATOS,SIN DATOS,-30.7523760613471,-57.9725960600716,
CLUB SOCIAL Y DEPORTIVO 25 DE MAYO,CLUB DEPORTIVO,3.3690491619E10,LA PAZ,LA PAZ,3.437522649E9,3.437412856E9,sar_neli@hotmail.com,OBLIGADO,945.0,,,,https://www.instagram.com/club25demayolapaz/,https://www.facebook.com/groups/5168636766539535/,"Fútbol, Gimnasia Artística, Futsal",SIN DATOS,SIN DATOS,-30.7509107288044,-59.6465946711643,SUM
CLUB SOCIAL DEPORTIVO SAN FRANCISCO,CLUB DEPORTIVO,3.0716792796E10,CHAJARÍ,FEDERACIÓN,3.456659153E9,3.456462151E9,casdsanfrancisco@gmail.com,GUARUMBA,2290.0,,,,@clubsanfranciscooficial,https://www.facebook.com/clubsanfranciscoCHAJARÍ/,Fútbol,SIN DATOS,SIN DATOS,-30.7505097067372,-57.9840344329964,Cancha de Fútbol
POLIDEPORTIVO MUNICIPAL DE LA PAZ,POLIDEPORTIVO MUNICIPAL,SIN CUIT 017,LA PAZ,LA PAZ,,,,ITUZAINGO,2101.0,,,,instagram.com/explore/locations/633917830065478/polideportivo-municipal-la-paz-entre-rios/,,"Natación, Fútbol, Hockey césped, Rugby",SIN DATOS,ACCESO ADECUADO,-30.7503367426593,-59.6500181335267,"Pileta Techada, Cancha de Fútbol, Cancha de Hockey, pista de atletismo, Cancha de Rugby, Cancha hockey cesped"
AUTO CLUB LA PAZ,CLUB DEPORTIVO,3.0711537224E10,LA PAZ,LA PAZ,3.437422046E9,3.43760916E9,jldal1999@hotmail.com,CAPITÁN DE CORVETA I GIACHINO,1098.0,,,,@autoclub.lapaz/,https://www.facebook.com/autoclub.lapaz/?locale=es_LA,Automovilismo / karting,SIN DATOS,SIN DATOS,-30.7497838304043,-59.5973909581838,Otros
CLUB BARRIO CONGO,CLUB DEPORTIVO,3.0671183793E10,LA PAZ,LA PAZ,3.437546766E9,3.437494961E9,clubbarriocongo@gmail.com,BELGRANO,1681.0,,,,https://www.instagram.com/club.barriocongo/,https://www.facebook.com/ClubCongoLaPaz/about,Fútbol,SIN DATOS,SIN DATOS,-30.7483029767161,-59.6434025264389,SUM
PATRONATO FOOT BALL CLUB,CLUB DEPORTIVO,3.0715580345E10,LA PAZ,LA PAZ,3.437434795E9,,,AZCUENAGA,1300.0,,,,,,Fútbol,SIN DATOS,SIN DATOS,-30.746203310397,-59.6406803711643,Cancha de Fútbol
ASOCIACIÓN DE PESCA EL CHAJA,CLUB DEPORTIVO,3.0714377783E10,CHAJARÍ,FEDERACIÓN,3.456424775E9,,estudiocontablelm@outlook.com.ar,PELLEGRINI,1595.0,,,,,,Pesca,SIN DATOS,SIN DATOS,-30.7456499986691,-57.9720055309047,
CLUB DE BOCHAS CHANTA CUATRO,CLUB DEPORTIVO,3.0711357838E10,LA PAZ,LA PAZ,3.437606241E9,3.437423925E9,cesarajaime75@gmail.com,ECHAGÜE Y SARMIENTO,S/N,,,,@clubchantacuatro,,Bochas,SIN DATOS,SIN DATOS,-30.7452199976102,-59.6459270917287,cancha de bochas
CLUB SPORTIVO COMERCIO E INDUSTRIA,CLUB DEPORTIVO,3.0710484631E10,LA PAZ,LA PAZ,3.437443006E9,1.130075519E9,clubsportivocomercioeindustria@gmail.com,ITUZAINGO,1205.0,,,,https://www.instagram.com/club_comercio/?hl=en,https://www.facebook.com/p/Club-Sportivo-Comercio-e-Industria-100057039416681/?locale=es_LA,"Fútbol, Básquet , Futsal, Gimnasia Artística",SIN DATOS,SIN DATOS,-30.7435864455405,-59.6477640558291,"Cancha de Fútbol, Cancha Techada, Otros, cancha de basquet, SUM"
ASOCIACION ESPAÑOLA DE SOCORROS MUTUOS,CLUB DEPORTIVO,3.0711528306E10,LA PAZ,LA PAZ,3.437605484E9,3.437607253E9,cgc115@hotmail.com,ESPAÑA,930.0,,,,@asociacionespanolalapazer/,https://www.facebook.com/asocesplapaz/,Pelota paleta,SIN DATOS,SIN DATOS,-30.7415117291291,-59.6428881460005,"SUM, cancha de pelota"
GOLF CLUB LA PAZ,CLUB DEPORTIVO,3.0707829008E10,LA PAZ,LA PAZ,3.43749307E9,,,RUTA 6 Y ACCESO SUR,S/N,,,,https://www.instagram.com/golfclubsociallapaz/?hl=en,https://www.facebook.com/p/Golf-Club-Social-La-Paz-100065190902187/,Golf,SIN DATOS,SIN DATOS,-30.7404558180163,-59.595533724873,"Campo de Golf, SUM"
CLUB ATLETICO UNION,CLUB DEPORTIVO,3.0711165947E10,LA PAZ,LA PAZ,3.437414386E9,3.43742355E9,clubunion1940@gmail.com,SANEZ PEÑA,1309.0,,,,,https://www.facebook.com/uniondelapaz/,Fútbol,SIN DATOS,SIN DATOS,-30.7399362312887,-59.6404412454456,Otros
CLUB ATLETICO CABALLU,CLUB DEPORTIVO,3.0709625094E10,LA PAZ,LA PAZ,3.43742397E9,3.437458284E9,clubcaballu3190@gmail.com,LEOPOLDO MELO,701.0,,,,@clubcaballu,,Fútbol,SIN DATOS,SIN DATOS,-30.7398221493334,-59.6323539581357,"Cancha de Fútbol, Gimnasio"
INDEPENDIENTE FOOT BALL CLUB,CLUB DEPORTIVO,3.0671227618E10,LA PAZ,LA PAZ,3.437431347E9,3.437607528E9,independientelapaz@gmail.com,ECHAGUEN,628.0,Predio de tenis,"-30.747792120419597, -59.64878678077816",,https://www.instagram.com/ifcoficial_/?hl=en,,"Fitness, Gimnasia Artística, Básquet, Fútbol",SIN DATOS,SIN DATOS,-30.738351417298,-59.6444468122415,"Cancha Techada, SUM, cancha de tenis, cancha de padel, Gimnasio, Cancha de Fútbol"
CLUB SOL NACIENTE,CLUB DEPORTIVO,3.0707411569E10,LA PAZ,LA PAZ,,,,LEGUIZAMON Y ÑANDUBAY,,,,,https://www.instagram.com/clubsolnaciente.lapaz/,https://www.facebook.com/p/FC-Sol-Naciente-100083944375241/,Fútbol,SIN DATOS,SIN DATOS,-30.7369758108386,-59.6230075576713,"Cancha de Fútbol, Otros"
"CLUB DE PESCADORES, CAZADORES Y NÁUTICO LA PAZ",CLUB DEPORTIVO,3.0709394165E10,LA PAZ,LA PAZ,3.437424575E9,3.437455999E9,acanzuelos79@gmail.com,AZCUÉNAGA Y RONDEAU,MANZANA Nº 10,,,,,https://www.facebook.com/cpcynlapaz/?locale=es_LA,"Pesca, Náuticos",SIN DATOS,SIN DATOS,-30.7347685280268,-59.6417650239456,
CLUB BRISAS DEL PARANÁ,CLUB DEPORTIVO,3.0708946725E10,LA PAZ,LA PAZ,3.437422118E9,3.437453016E9,impuestos.luqui@gmail.com,BROWN,163.0,,,,,https://www.facebook.com/p/Club-brisas-del-Paran%C3%A1-100070359963140/?_rdr,Bochas,SIN DATOS,SIN DATOS,-30.7346766310074,-59.6395205185713,cancha de bochas
CLUB DE RUGBY CURIYU,CLUB DEPORTIVO,3.3709982139E10,CHAJARÍ,FEDERACIÓN,3.456422049E9,3.456621983E9,vivianacornalo@hotmail.com,AVDA 1RO DE MAYO Y 19 DE JUNIO,0.0,,,,@clubcuriyu,https://www.facebook.com/clubcuriyu/?locale=es_LA,"Hockey césped, Rugby",SIN DATOS,SIN DATOS,-30.7343299361549,-57.9713119777048,"Cancha de Hockey, Cancha de Rugby, Cancha hockey cesped"
CLUB CICLISTA CHAJARÍ,CLUB DEPORTIVO,3.0711786895E10,CHAJARÍ,FEDERACIÓN,3.45642201E9,3.45642201E9,julitoynorma@hotmail.com,JOSE IGLESIAS Y VILLA LIBERTAD,0.0,,,,,https://www.facebook.com/p/Club-Ciclista-CHAJARÍ-100065010601417/?locale=es_LA,Ciclismo,SIN DATOS,SIN DATOS,-30.7325548106763,-57.9800040623629,
CLUB DE VOLANTES CHAJARÍ,CLUB DEPORTIVO,3.0708800208E10,CHAJARÍ,FEDERACIÓN,3.456422907E9,3.456421896E9,mdrodri@soon.com.ar,PARQUE INT PEZZUTTI,3760.0,,,,@clubdevolantesCHAJARÍ,https://www.facebook.com/karting.CHAJARÍ.9/?locale=es_LA,Automovilismo / karting,SIN DATOS,SIN DATOS,-30.7296986546939,-57.9753158958775,Otros
CLUB SOCIAL Y DEPORTIVO LA FLORIDA,CLUB DEPORTIVO,3.0707091327E10,CHAJARÍ,FEDERACIÓN,3.456422078E9,3.456475087E9,clublafloCHAJARÍ@gmail.com,ALVAREZ CONDARCO,1375.0,,,,https://www.instagram.com/clublafloridaer/,https://www.facebook.com/p/Club-Social-y-Deportivo-La-Florida-ER-100075834561777/?locale=es_LA,Fútbol,SIN DATOS,SIN DATOS,-30.7030341522793,-58.0585796667808,"Cancha de Fútbol, Cancha Techada"
POLIDEPORTIVO MUNICIPAL DE SAN GUSTAVO,POLIDEPORTIVO MUNICIPAL,SIN CUIT 086,SAN GUSTAVO,LA PAZ,,,,,,,,,,,"Fútbol, Básquet",SIN DATOS,SIN DATOS,-30.6909166045984,-59.3930567397992,"Cancha de Fútbol, cancha de basquet"
ESCUELA DE DEPORTE JOSE CARLOS TABARES,CLUB DEPORTIVO,3.0714850411E10,SAN GUSTAVO,LA PAZ,3.437605526E9,3.437492165E9,eva_la95@hotmail.com,HERNÁNDEZ Y JUAREZ CELMAN,S/N,,,,https://www.instagram.com/clubjosetabares/?hl=en,https://www.facebook.com/escuelatabares/,Fútbol,SIN DATOS,SIN DATOS,-30.6906184048208,-59.3939119663733,
CLUB SOCIAL RECREATIVO Y DEPORTIVO LOS CONQUISTADORES,CLUB DEPORTIVO,3.0707636412E10,LOS CONQUISTADORES,FEDERACIÓN,3.458494065E9,3.458405766E9,peluzubieta@hotmail.com.ar,RAFAEL BESADA Y SAN MARTIN,30.0,Cancha de futbol,"-30.5893, -58.47267",,https://www.instagram.com/clubsrdlosconquistadores/,https://www.facebook.com/elverdedeloeste/?locale=es_LA,Fútbol,SIN DATOS,SIN DATOS,-30.5906401940436,-58.4665570551447,"Otros, Cancha de Fútbol"
CLUB SOCIAL Y DEPORTIVO UNIÓN,CLUB DEPORTIVO,SIN CUIT 081,SAN JOSÉ DE FELICIANO,FELICIANO,,,,,,,,,https://www.instagram.com/clubdeportivo.union/,https://www.facebook.com/profile.php?id=61575273072098#,Fútbol,SIN DATOS,SIN DATOS,-30.392892405654,-58.7541188559688,Cancha de Fútbol
CLUB DEPORTIVO SANTA TERESITA,CLUB DEPORTIVO,3.0712079181E10,SAN JOSÉ DE FELICIANO,FELICIANO,3.458454435E9,,,GASCON,3187.0,,,,@club_santa_teresita,,Fútbol,SIN DATOS,SIN DATOS,-30.3920498119512,-58.7576912419157,
CLUB DEPORTIVO LOS TEROS,CLUB DEPORTIVO,3.0714830836E10,SAN JOSÉ DE FELICIANO,FELICIANO,3.45845373E9,,los_teros@yahoo.com.ar,SANTA FE Y MITRE,S/N,,,,@clubdeportivolosteros,,"Fútbol, Hockey césped",SIN DATOS,SIN DATOS,-30.390888743158,-58.753684358389,Cancha de Fútbol
PREDIO MULITEVENTOS DE FELICIANO,POLIDEPORTIVO MUNICIPAL,SIN CUIT 092,SAN JOSÉ DE FELICIANO,FELICIANO,,,,,,,,,,,"Fitness, Fútbol, Hockey césped",SIN DATOS,SIN DATOS,-30.3869773540206,-58.7640099394457,"Cancha de Fútbol, Pileta Descubierta, cancha de basquet, Otros, Cajon de arena"
CLUB ATLETICO FELICIANO,CLUB DEPORTIVO,3.0707823832E10,SAN JOSÉ DE FELICIANO,FELICIANO,,,,,,,,,@caf_feliciano,https://www.facebook.com/p/Club-Atl%C3%A9tico-Feliciano-CAF-100076628675581/?locale=es_LA,"Fútbol, padel, Básquet , Artes Marciales/deportes de contacto, Voley",SIN DATOS,SIN DATOS,-30.3863470426823,-58.747368690487,"Cancha de Fútbol, Cancha Techada, cancha de padel"
JUVENTUD FUTBOL CLUB,CLUB DEPORTIVO,3.3707470939E10,SAN JOSÉ DE FELICIANO,FELICIANO,3.458404246E9,,waltermendez9@gmail.com // juventudfutbolclubfeliciano@gmail.com,BELGRANO,56.0,,,,@clubjuventudfelic,https://www.facebook.com/juventud.feliciano.celeste/,"Fútbol, Básquet , Patinaje artístico, Voley",SIN DATOS,SIN DATOS,-30.38469427044,-58.7516487230765,"Cancha de Fútbol, Cancha Techada, Otros, SUM, Pileta Descubierta, cancha de tenis"
CLUB ATLETICO SAN ANTONIO,CLUB DEPORTIVO,3.0714125733E10,SAN JOSÉ DE FELICIANO,FELICIANO,3.458453514E9,,martinez.andrea366@gamil.com,ESPAÑA,S/N,,,,,https://www.facebook.com/profile.php?id=61556800590962,Fútbol,SIN DATOS,SIN DATOS,-30.3798349645135,-58.7447095802366,Cancha de Fútbol
PARANÁ HOCKEY CLUB,CLUB DEPORTIVO,3.0712217975E10,PARANÁ,PARANÁ,3.434151293E9,3.436236351E9,secretaria.PARANÁhockey@gmail.com,AV. RAMIREZ,1180.0,,,,https://www.instagram.com/PARANÁhockeyclub/,https://www.facebook.com/PHCPARANÁHockeyClub/?locale=es_LA,Hockey césped,SIN DATOS,SIN DATOS,-31.7329766653748,-60.5299629364537,
ASOCIACIÓN CIVIL PADEL CLUB MALVINAS ARGENTINAS,CLUB DEPORTIVO,3.0716801485E10,LA PAZ,LA PAZ,3.437489476E9,3.437404984E9,marianolukacs@hotmail.com,NOGOYÁ,665.0,,,,https://www.instagram.com/elmalvioficial/?hl=es-la,https://www.facebook.com/elmalviclub?locale=es_LA,"Fútbol, Futsal",SIN DATOS,SIN DATOS,-30.7405259514914,-59.6443959080143,
CLUB ATLÉTICO SAN JOSÉ,CLUB DEPORTIVO,3.3714316309E10,CONCEPCIÓN DEL URUGUAY,URUGUAY,3.44243345E9,3.442571863E9,marceloq73@gmail.com,ALVEAR,1500.0,,,,,,Fútbol,SIN DATOS,SIN DATOS,-32.4846746806444,-58.2321548288474,
CLUB LA CUEVA,CLUB DEPORTIVO,30716565595·,IBICUY,ISLAS DE IBICUY,,,clubalacueva@gmail.com,,,,,,https://www.instagram.com/clubalacueva/,https://www.facebook.com/p/Club-La-Cueva-100066450777264/,Fútbol,SIN DATOS,SIN DATOS,-33.7423658687198,-59.1576333610476,
CLUB MAZARUCA,CLUB DEPORTIVO,SIN CUIT 079,IBICUY,ISLAS DE IBICUY,,,,,,,,https://federaciondeclubeser.com.ar/se-inicia-un-nuevo-club-en-la-provincia/,,,,SIN DATOS,SIN DATOS,-33.7423658687198,-59.1576333610476,
CLUB PECARÍ,CLUB DEPORTIVO,SIN CUIT 080,VILLA ELISA,COLÓN,,,,,,,,,,,,SIN DATOS,SIN DATOS,-32.1641060932849,-58.4005016455951,
SOCIEDAD UNIÓN ARTESANOS DE ROSARIO DEL TALA,CLUB DEPORTIVO,SIN CUIT 095,ROSARIO DEL TALA,TALA,,,,,,,,,,https://www.facebook.com/sociedadunionartesanostala/?locale=es_LA,Básquet,SIN DATOS,SIN DATOS,-32.3006638725547,-59.1391149983698,
SKATEPARK CONCEPCIÓN DEL URUGUAY,POLIDEPORTIVO MUNICIPAL,,CONCEPCIÓN DEL URUGUAY,URUGUAY,,,,,,,,,,,Deportes Urbanos,SIN DATOS,SIN DATOS,-32.4783337255546,-58.2419343952285,skatepark
SKATEPARK GUALEGUAY,POLIDEPORTIVO MUNICIPAL,,GUALEGUAY,GUALEGUAY,,,,,,,,,,,Deportes Urbanos,SIN DATOS,SIN DATOS,-33.1612190227285,-59.3119545253056,skatepark
